state_name,city_name,isolated,dt,iso7
Amazonas,Manaus,0.348280331496053,2020-02-01,0.317612119333606
São Paulo,São Paulo,0.32470589966378,2020-02-01,0.28873961216808
Amazonas,Manaus,0.411242563729845,2020-02-02,0.31199334960481
São Paulo,São Paulo,0.392657148622742,2020-02-02,0.282992617502731
Amazonas,Manaus,0.295951586262671,2020-02-03,0.311021251595335
São Paulo,São Paulo,0.272227197460842,2020-02-03,0.27955407019196
Amazonas,Manaus,0.307075313526926,2020-02-04,0.30505463826048
São Paulo,São Paulo,0.272223745406342,2020-02-04,0.279266530011563
Amazonas,Manaus,0.30349715814109,2020-02-05,0.300408292637876
São Paulo,São Paulo,0.267089121942829,2020-02-05,0.276163371732982
Amazonas,Manaus,0.293555718965171,2020-02-06,0.296129400518802
São Paulo,São Paulo,0.260675996725828,2020-02-06,0.273019304806116
Amazonas,Manaus,0.263682163213485,2020-02-07,0.296044141407047
São Paulo,São Paulo,0.231598175354198,2020-02-07,0.271583715698731
Amazonas,Manaus,0.308948943394481,2020-02-08,0.299038584331211
São Paulo,São Paulo,0.284476937006338,2020-02-08,0.273211506107605
Amazonas,Manaus,0.404437877663522,2020-02-09,0.306579589636235
São Paulo,São Paulo,0.368587317447341,2020-02-09,0.279091768433341
Amazonas,Manaus,0.254185292918685,2020-02-10,0.309076679373882
São Paulo,São Paulo,0.270214416198067,2020-02-10,0.283506323701699
Amazonas,Manaus,0.274550894168699,2020-02-11,0.312138708504655
São Paulo,São Paulo,0.250501637456273,2020-02-11,0.280165299312629
Amazonas,Manaus,0.273544913307572,2020-02-12,0.316683391954198
São Paulo,São Paulo,0.245080653454767,2020-02-12,0.28284510424997
Amazonas,Manaus,0.292958905182883,2020-02-13,0.324559441986359
São Paulo,São Paulo,0.25062687297413,2020-02-13,0.287917587653486
Amazonas,Manaus,0.284643263682634,2020-02-14,0.324142267904854
São Paulo,São Paulo,0.242992708216321,2020-02-14,0.287770560464621
Amazonas,Manaus,0.361735980529649,2020-02-15,0.324059401267178
São Paulo,São Paulo,0.325638773286484,2020-02-15,0.288669744492297
Amazonas,Manaus,0.421917505827052,2020-02-16,0.322959979304022
São Paulo,São Paulo,0.399489204325848,2020-02-16,0.290686961758091
Amazonas,Manaus,0.275619496834096,2020-02-17,0.325351232818505
São Paulo,São Paulo,0.246827245474581,2020-02-17,0.293897637681098
Amazonas,Manaus,0.306363678315501,2020-02-18,0.340925363963619
São Paulo,São Paulo,0.269260272017655,2020-02-18,0.312285090700643
Amazonas,Manaus,0.3286772635327,2020-02-19,0.364099160313798
São Paulo,São Paulo,0.280588037279382,2020-02-19,0.335706644464108
Amazonas,Manaus,0.290038686612345,2020-02-20,0.375076868478558
São Paulo,São Paulo,0.249597682652076,2020-02-20,0.345127726586983
Amazonas,Manaus,0.284063197218907,2020-02-21,0.377309132051837
São Paulo,São Paulo,0.249286996410052,2020-02-21,0.348725364300342
Amazonas,Manaus,0.354040026787554,2020-02-22,0.378928092032651
São Paulo,São Paulo,0.339759294147039,2020-02-22,0.350970922887613
Amazonas,Manaus,0.438656280428432,2020-02-23,0.376700061588696
São Paulo,São Paulo,0.421963935786902,2020-02-23,0.348634531754656
Amazonas,Manaus,0.384638414849895,2020-02-24,0.376887776829903
São Paulo,São Paulo,0.375539416611395,2020-02-24,0.348572916310839
Amazonas,Manaus,0.468580252766753,2020-02-25,0.366996817512246
São Paulo,São Paulo,0.433211148361908,2020-02-25,0.334626748213291
Amazonas,Manaus,0.405521220686017,2020-02-26,0.346390005343689
São Paulo,São Paulo,0.346535612139509,2020-02-26,0.314238685964876
Amazonas,Manaus,0.3056645316253,2020-02-27,0.338539716571931
São Paulo,São Paulo,0.274781146645591,2020-02-27,0.307260680749071
Amazonas,Manaus,0.295395917084605,2020-02-28,0.345482248331153
São Paulo,São Paulo,0.265005906520948,2020-02-28,0.309756663939223
Amazonas,Manaus,0.338443813679868,2020-02-29,0.350391537977287
São Paulo,São Paulo,0.323404556216336,2020-02-29,0.310477956995263
Amazonas,Manaus,0.439970287116882,2020-03-01,0.352179269993485
São Paulo,São Paulo,0.421532627680188,2020-03-01,0.309724638122684
Amazonas,Manaus,0.315401699626295,2020-03-02,0.351962249218921
São Paulo,São Paulo,0.27791623992856,2020-03-02,0.309085646012226
Amazonas,Manaus,0.32433256758686,2020-03-03,0.355748539228869
São Paulo,São Paulo,0.290494712623004,2020-03-03,0.311007919115069
Amazonas,Manaus,0.350569199283704,2020-03-04,0.359011368040817
São Paulo,São Paulo,0.297689575628868,2020-03-04,0.3110921869897
Amazonas,Manaus,0.354262253939858,2020-03-05,0.356254078240375
São Paulo,São Paulo,0.292253028976658,2020-03-05,0.308377802703604
Amazonas,Manaus,0.329760944607543,2020-03-06,0.355020974105815
São Paulo,São Paulo,0.270054957913225,2020-03-06,0.308338986163503
Amazonas,Manaus,0.350957937793254,2020-03-07,0.357220184363846
São Paulo,São Paulo,0.318131324108286,2020-03-07,0.312325925333519
Amazonas,Manaus,0.438451141694933,2020-03-08,0.36907282665247
São Paulo,São Paulo,0.41705968290698,2020-03-08,0.318745707623503
Amazonas,Manaus,0.341905729695927,2020-03-09,0.371223922334076
São Paulo,São Paulo,0.29137215164846,2020-03-09,0.3207034000411
Amazonas,Manaus,0.347172369270497,2020-03-10,0.373229390360823
São Paulo,São Paulo,0.291084587745424,2020-03-10,0.32699661961634
Amazonas,Manaus,0.331268170680615,2020-03-11,0.376547326495206
São Paulo,São Paulo,0.278688885626193,2020-03-11,0.334508990246026
Amazonas,Manaus,0.345630524997935,2020-03-12,0.38584473660269
São Paulo,São Paulo,0.291981313195955,2020-03-12,0.347328381803404
Amazonas,Manaus,0.345155416413762,2020-03-13,0.399549093482272
São Paulo,São Paulo,0.297963532103336,2020-03-13,0.361924693899247
Amazonas,Manaus,0.433926433813621,2020-03-14,0.408633379549156
São Paulo,São Paulo,0.36306980013817,2020-03-14,0.379447685117927
Amazonas,Manaus,0.453508811466174,2020-03-15,0.416692667346915
São Paulo,São Paulo,0.430763529830164,2020-03-15,0.406496745493412
Amazonas,Manaus,0.355944005883157,2020-03-16,0.427086907176773
São Paulo,São Paulo,0.335424688675136,2020-03-16,0.436327488518242
Amazonas,Manaus,0.370397922211178,2020-03-17,0.454522132186421
São Paulo,São Paulo,0.343671182153226,2020-03-17,0.465123124745776
Amazonas,Manaus,0.396350041433004,2020-03-18,0.468705984195255
São Paulo,São Paulo,0.368424626527841,2020-03-18,0.496488696879384
Amazonas,Manaus,0.441561023155006,2020-03-19,0.489258652570275
São Paulo,São Paulo,0.39415549786686,2020-03-19,0.523729460890841
Amazonas,Manaus,0.408745418881949,2020-03-20,0.502855699982704
São Paulo,São Paulo,0.42062447063409,2020-03-20,0.546976483884035
Amazonas,Manaus,0.490341448397938,2020-03-21,0.518664268117111
São Paulo,São Paulo,0.552413222766566,2020-03-21,0.56425903840237
Amazonas,Manaus,0.526268490275181,2020-03-22,0.526249337007825
São Paulo,São Paulo,0.639578731003978,2020-03-22,0.566841877323612
Amazonas,Manaus,0.547990580950694,2020-03-23,0.536512695904883
São Paulo,São Paulo,0.536994142267869,2020-03-23,0.566006564830808
Amazonas,Manaus,0.469684886273011,2020-03-24,0.534581241741854
São Paulo,São Paulo,0.563230187088486,2020-03-24,0.565043272105216
Amazonas,Manaus,0.540218720058149,2020-03-25,0.541293017846841
São Paulo,São Paulo,0.559109974608039,2020-03-25,0.558975962899042
Amazonas,Manaus,0.536740355042003,2020-03-26,0.531418591105875
São Paulo,São Paulo,0.556884658819221,2020-03-26,0.549853198920972
Amazonas,Manaus,0.519405395822801,2020-03-27,0.526510223246521
São Paulo,São Paulo,0.541602352262433,2020-03-27,0.54530454160042
Amazonas,Manaus,0.543436930632938,2020-03-28,0.522978925333064
São Paulo,São Paulo,0.570493095215258,2020-03-28,0.542307851248125
Amazonas,Manaus,0.598112002554584,2020-03-29,0.521383465686667
São Paulo,São Paulo,0.633731543554351,2020-03-29,0.538005847850261
Amazonas,Manaus,0.534470401809491,2020-03-30,0.521349836501637
São Paulo,São Paulo,0.530251093188722,2020-03-30,0.533393157731231
Amazonas,Manaus,0.516667319007919,2020-03-31,0.520201078157255
São Paulo,São Paulo,0.520759022645272,2020-03-31,0.531463136868178
Amazonas,Manaus,0.471097732871389,2020-04-01,0.519829667323953
São Paulo,São Paulo,0.49525062676155,2020-04-01,0.529236098444382
Amazonas,Manaus,0.502381780026521,2020-04-02,0.528962077205878
São Paulo,São Paulo,0.525044057575356,2020-04-02,0.529311895163756
Amazonas,Manaus,0.494686310428603,2020-04-03,0.531639931568287
São Paulo,São Paulo,0.520625519796366,2020-04-03,0.522843148188798
Amazonas,Manaus,0.532268713108164,2020-04-04,0.545255910798689
São Paulo,São Paulo,0.540379071430207,2020-04-04,0.529933279184992
Amazonas,Manaus,0.597876598259375,2020-04-05,0.550250844846683
São Paulo,São Paulo,0.601442712721146,2020-04-05,0.527818594618838
Amazonas,Manaus,0.526429093398816,2020-04-06,0.549584615728835
São Paulo,São Paulo,0.516740947147345,2020-04-06,0.524939559697211
Amazonas,Manaus,0.514067443174805,2020-04-07,0.550923931445377
São Paulo,São Paulo,0.5051697536787,2020-04-07,0.523424848139466
Amazonas,Manaus,0.535024602044862,2020-04-08,0.552857300275018
São Paulo,São Paulo,0.495781203797172,2020-04-08,0.523476948264708
Amazonas,Manaus,0.52112676056338,2020-04-09,0.552334029615845
São Paulo,São Paulo,0.479762828750652,2020-04-09,0.523747041453277
Amazonas,Manaus,0.589998165041418,2020-04-10,0.548508157374444
São Paulo,São Paulo,0.570256436769724,2020-04-10,0.521713259023145
Amazonas,Manaus,0.567233251444127,2020-04-11,0.536459768656261
São Paulo,São Paulo,0.525576279467129,2020-04-11,0.507961986672928
Amazonas,Manaus,0.593212994434439,2020-04-12,0.532808601253468
São Paulo,São Paulo,0.581289468269753,2020-04-12,0.505121511440187
Amazonas,Manaus,0.535804303414608,2020-04-13,0.534744508092916
São Paulo,São Paulo,0.506137966243129,2020-04-13,0.504646708892696
Amazonas,Manaus,0.527601024982288,2020-04-14,0.533845137425206
São Paulo,São Paulo,0.505534454555399,2020-04-14,0.503801900846125
Amazonas,Manaus,0.531361707430655,2020-04-15,0.53956120890075
São Paulo,São Paulo,0.497671856117154,2020-04-15,0.511170865186138
Amazonas,Manaus,0.49434565487357,2020-04-16,0.536135519295105
São Paulo,São Paulo,0.465526351739728,2020-04-16,0.507047368243234
Amazonas,Manaus,0.505659444014137,2020-04-17,0.539191155902106
São Paulo,São Paulo,0.473997530318201,2020-04-17,0.50830301557972
Amazonas,Manaus,0.541675079624576,2020-04-18,0.540102126929092
São Paulo,São Paulo,0.505692952837945,2020-04-18,0.5061058223509
Amazonas,Manaus,0.606764342310576,2020-04-19,0.544401489140202
São Paulo,São Paulo,0.577965850437314,2020-04-19,0.5044786894613
Amazonas,Manaus,0.529508708740638,2020-04-20,0.540750074575503
São Paulo,São Paulo,0.500224309917137,2020-04-20,0.502013047120599
Amazonas,Manaus,0.567613525311095,2020-04-21,0.537377217401218
São Paulo,São Paulo,0.557117204935485,2020-04-21,0.498959090382943
Amazonas,Manaus,0.507381880191144,2020-04-22,0.528677833456203
São Paulo,São Paulo,0.468807377516831,2020-04-22,0.486450254759795
Amazonas,Manaus,0.515735111122573,2020-04-23,0.525809420371933
São Paulo,São Paulo,0.474315883095125,2020-04-23,0.485132621094025
Amazonas,Manaus,0.512036241203043,2020-04-24,0.520811394974323
São Paulo,São Paulo,0.458617177716462,2020-04-24,0.481257327506236
Amazonas,Manaus,0.571770615102344,2020-04-25,0.523785803016938
São Paulo,São Paulo,0.494303022610747,2020-04-25,0.490736760744992
Amazonas,Manaus,0.581204440357681,2020-04-26,0.514779486544087
São Paulo,São Paulo,0.560706354052404,2020-04-26,0.48937889629116
Amazonas,Manaus,0.505898708520645,2020-04-27,0.509214638319551
São Paulo,São Paulo,0.478846612753546,2020-04-27,0.485868829029609
Amazonas,Manaus,0.506717837695992,2020-04-28,0.506168316265565
São Paulo,São Paulo,0.469555355573449,2020-04-28,0.484850746700321
Amazonas,Manaus,0.487302988601252,2020-04-29,0.501694311031271
São Paulo,São Paulo,0.459583941856442,2020-04-29,0.483828410988905
Amazonas,Manaus,0.480748933339304,2020-04-30,0.50244764172895
São Paulo,São Paulo,0.447188827980601,2020-04-30,0.484794027289629
Amazonas,Manaus,0.532857097501349,2020-05-01,0.50233615606176
São Paulo,São Paulo,0.524973210387755,2020-05-01,0.489608050299003
Amazonas,Manaus,0.508726399792383,2020-05-02,0.493064289511616
São Paulo,São Paulo,0.484797971433924,2020-05-02,0.478692804962179
Amazonas,Manaus,0.542250502785929,2020-05-03,0.48976961164849
São Paulo,São Paulo,0.536135883221547,2020-05-03,0.475993496531792
Amazonas,Manaus,0.484574454142749,2020-05-04,0.483857483529911
São Paulo,São Paulo,0.471720036448533,2020-05-04,0.471945088838122
Amazonas,Manaus,0.475399801055934,2020-05-05,0.484808949395127
São Paulo,São Paulo,0.462399005593536,2020-05-05,0.474301779831875
Amazonas,Manaus,0.492576303485004,2020-05-06,0.486422150046217
São Paulo,São Paulo,0.466343255961508,2020-05-06,0.476925949406368
Amazonas,Manaus,0.479968533668974,2020-05-07,0.486327469230214
São Paulo,São Paulo,0.48088698904622,2020-05-07,0.47870010874569
Amazonas,Manaus,0.467954031650339,2020-05-08,0.486212586272625
São Paulo,São Paulo,0.448566493029982,2020-05-08,0.478834567829018
Amazonas,Manaus,0.485663654750499,2020-05-09,0.485705145895381
São Paulo,São Paulo,0.465902812421214,2020-05-09,0.482132709159496
Amazonas,Manaus,0.500865605955876,2020-05-10,0.486438645359815
São Paulo,São Paulo,0.50779702936586,2020-05-10,0.486326972609862
Amazonas,Manaus,0.491234715199263,2020-05-11,0.493909649596493
São Paulo,São Paulo,0.488216873404805,2020-05-11,0.493553360362789
Amazonas,Manaus,0.486692205613561,2020-05-12,0.492551181892057
São Paulo,São Paulo,0.480768192614986,2020-05-12,0.490041397478871
Amazonas,Manaus,0.491913537772984,2020-05-13,0.490134001512741
São Paulo,São Paulo,0.47876237133676,2020-05-13,0.485499564364804
Amazonas,Manaus,0.479164352965856,2020-05-14,0.48474153088218
São Paulo,São Paulo,0.481828202629519,2020-05-14,0.484776167109589
Amazonas,Manaus,0.464401949009627,2020-05-15,0.481501311995929
São Paulo,São Paulo,0.47165348234333,2020-05-15,0.48440827380566
Amazonas,Manaus,0.490798151001541,2020-05-16,0.478533530725618
São Paulo,São Paulo,0.495262656573777,2020-05-16,0.481445009943478
Amazonas,Manaus,0.553162635612621,2020-05-17,0.477827394351014
São Paulo,São Paulo,0.558381743636344,2020-05-17,0.480803269272777
Amazonas,Manaus,0.48172544126821,2020-05-18,0.473129790789152
São Paulo,São Paulo,0.463633133217378,2020-05-18,0.482235090630672
Amazonas,Manaus,0.469771942958351,2020-05-19,0.468211274723048
São Paulo,São Paulo,0.448975360816522,2020-05-19,0.488087647690656
Amazonas,Manaus,0.454166243359051,2020-05-20,0.464374779058175
São Paulo,São Paulo,0.47369859055025,2020-05-20,0.487111602656024
Amazonas,Manaus,0.456482820762099,2020-05-21,0.462237555728775
São Paulo,São Paulo,0.479252949502019,2020-05-21,0.482220680130565
Amazonas,Manaus,0.443627480117453,2020-05-22,0.459882299117689
São Paulo,São Paulo,0.450910635308059,2020-05-22,0.476875040734858
Amazonas,Manaus,0.485855196379312,2020-05-23,0.456850095903132
São Paulo,São Paulo,0.490770471878864,2020-05-23,0.472946099085362
Amazonas,Manaus,0.520279410679588,2020-05-24,0.450744313231556
São Paulo,São Paulo,0.568404493141611,2020-05-24,0.467339475287452
Amazonas,Manaus,0.447295828805484,2020-05-25,0.449034731640227
São Paulo,São Paulo,0.504601032637269,2020-05-25,0.46074877353521
Amazonas,Manaus,0.442916473304236,2020-05-26,0.447873185081497
São Paulo,São Paulo,0.442143045574093,2020-05-26,0.451535985806192
Amazonas,Manaus,0.439205680053251,2020-05-27,0.444187567286747
São Paulo,São Paulo,0.439462132872042,2020-05-27,0.453265744903145
Amazonas,Manaus,0.439996024484498,2020-05-28,0.439145278587414
São Paulo,São Paulo,0.441833473732066,2020-05-28,0.452061888127436
Amazonas,Manaus,0.422402057615553,2020-05-29,0.433764654811754
São Paulo,São Paulo,0.423408043761587,2020-05-29,0.450561093002593
Amazonas,Manaus,0.443114717678285,2020-05-30,0.431931015413541
São Paulo,São Paulo,0.451524105293495,2020-05-30,0.451264780246348
Amazonas,Manaus,0.508312339540281,2020-05-31,0.427928022809995
São Paulo,São Paulo,0.522269580875915,2020-05-31,0.448781904769395
Amazonas,Manaus,0.439165002894373,2020-06-01,0.426121887849311
São Paulo,São Paulo,0.440111518534143,2020-06-01,0.445980107612482
Amazonas,Manaus,0.41711714874099,2020-06-02,0.421249209862054
São Paulo,São Paulo,0.454251359252771,2020-06-02,0.442597341698498
Amazonas,Manaus,0.40390965915792,2020-06-03,0.418675716197716
São Paulo,São Paulo,0.431035135442073,2020-06-03,0.436723340997348
Amazonas,Manaus,0.402331658054872,2020-06-04,0.420741004713818
São Paulo,São Paulo,0.431327907858166,2020-06-04,0.435386608883854
Amazonas,Manaus,0.409566581828066,2020-06-05,0.42757277605064
São Paulo,São Paulo,0.428333854467876,2020-06-05,0.432484950413151
Amazonas,Manaus,0.41509376945346,2020-06-06,0.426551990132317
São Paulo,São Paulo,0.434143976954824,2020-06-06,0.426981364295978
Amazonas,Manaus,0.495669394815499,2020-06-07,0.426706613153839
São Paulo,São Paulo,0.502657000777522,2020-06-07,0.424127053556047
Amazonas,Manaus,0.405056256983574,2020-06-08,0.42628971028834
São Paulo,São Paulo,0.416432157136253,2020-06-08,0.427996632961786
Amazonas,Manaus,0.39910269309062,2020-06-09,0.42673757627051
São Paulo,São Paulo,0.413133354344723,2020-06-09,0.428751050928258
Amazonas,Manaus,0.418366678770634,2020-06-10,0.428040919007309
São Paulo,São Paulo,0.421678010647618,2020-06-10,0.429643173771177
Amazonas,Manaus,0.45015405741263,2020-06-11,0.424271224066179
São Paulo,São Paulo,0.411016298563239,2020-06-11,0.425460265287604
Amazonas,Manaus,0.402421080399801,2020-06-12,0.417165218605564
São Paulo,São Paulo,0.389808751647664,2020-06-12,0.424435899560973
Amazonas,Manaus,0.416176130604115,2020-06-13,0.41165044042139
São Paulo,São Paulo,0.414163801775312,2020-06-13,0.421289647092513
Amazonas,Manaus,0.492751074757005,2020-06-14,0.410468825134292
São Paulo,São Paulo,0.529744056617694,2020-06-14,0.420062207345134
Amazonas,Manaus,0.408191318858762,2020-06-15,0.407927917290197
São Paulo,São Paulo,0.421713082901554,2020-06-15,0.414394812492032
Amazonas,Manaus,0.408226092248215,2020-06-16,0.409174762278165
São Paulo,São Paulo,0.419378214245156,2020-06-16,0.413034909357643
Amazonas,Manaus,0.391978814182728,2020-06-17,0.409103332203029
São Paulo,São Paulo,0.39239765126261,2020-06-17,0.411115632667106
Amazonas,Manaus,0.400412019188322,2020-06-18,0.411022624530418
São Paulo,São Paulo,0.403845738476824,2020-06-18,0.412798419240282
Amazonas,Manaus,0.363817633110584,2020-06-19,0.410981693796347
São Paulo,São Paulo,0.367784984368438,2020-06-19,0.412518665331509
Amazonas,Manaus,0.407904823594431,2020-06-20,0.41411921410215
São Paulo,São Paulo,0.405571723543662,2020-06-20,0.41744006134409
Amazonas,Manaus,0.474964719848341,2020-06-21,0.416038135310931
São Paulo,São Paulo,0.490072292645978,2020-06-21,0.4292867740651
Amazonas,Manaus,0.416919233774537,2020-06-22,0.417647048922874
São Paulo,São Paulo,0.412193760960833,2020-06-22,0.435238425023123
Amazonas,Manaus,0.407726081722258,2020-06-23,0.418893548131178
São Paulo,São Paulo,0.405943277411401,2020-06-23,0.43777009851985
Amazonas,Manaus,0.405413860474451,2020-06-24,0.418716143382991
São Paulo,São Paulo,0.404177157274841,2020-06-24,0.438896869379027
Amazonas,Manaus,0.40012550404983,2020-06-25,0.41843343958522
São Paulo,São Paulo,0.401887461115413,2020-06-25,0.440510417981706
Amazonas,Manaus,0.385780275251202,2020-06-26,0.419030160779268
São Paulo,São Paulo,0.402234756456498,2020-06-26,0.441816017300938
Amazonas,Manaus,0.4213372720559,2020-06-27,0.418933270791769
São Paulo,São Paulo,0.488498712590733,2020-06-27,0.441084775776233
Amazonas,Manaus,0.486227115131941,2020-06-28,0.416648366468403
São Paulo,São Paulo,0.531733849352144,2020-06-28,0.431410264741785
Amazonas,Manaus,0.425644728232666,2020-06-29,0.414053145471896
São Paulo,São Paulo,0.429915475437917,2020-06-29,0.426051064740363
Amazonas,Manaus,0.40648424848495,2020-06-30,0.412042559843812
São Paulo,São Paulo,0.413830673425643,2020-06-30,0.424966194284174
Amazonas,Manaus,0.403434933890049,2020-07-01,0.410636246128025
São Paulo,São Paulo,0.415471997493595,2020-07-01,0.423744976740948
Amazonas,Manaus,0.404302552408165,2020-07-02,0.409153866206978
São Paulo,São Paulo,0.411026656350037,2020-07-02,0.421676552037596
Amazonas,Manaus,0.385102045338711,2020-07-03,0.408315018503482
São Paulo,São Paulo,0.39711606578356,2020-07-03,0.421303739390527
Amazonas,Manaus,0.405342941792341,2020-07-04,0.410041332172117
São Paulo,São Paulo,0.420777135349596,2020-07-04,0.421112873071657
Amazonas,Manaus,0.468060568156389,2020-07-05,0.411422400153377
São Paulo,São Paulo,0.494219449342195,2020-07-05,0.42071862024549
Amazonas,Manaus,0.41157062883608,2020-07-06,0.41175316105513
São Paulo,São Paulo,0.422321382244591,2020-07-06,0.419692404544661
Amazonas,Manaus,0.396640052474441,2020-07-07,0.413035620427089
São Paulo,São Paulo,0.405282150623061,2020-07-07,0.419323346761929
Amazonas,Manaus,0.393058274442716,2020-07-08,0.416479802679443
São Paulo,São Paulo,0.400993024570132,2020-07-08,0.423112408309995
Amazonas,Manaus,0.398430618483699,2020-07-09,0.418522419876536
São Paulo,São Paulo,0.408416967820552,2020-07-09,0.425318284469028
Amazonas,Manaus,0.39718624101915,2020-07-10,0.419405284808128
São Paulo,São Paulo,0.39578000155147,2020-07-10,0.425648510559741
Amazonas,Manaus,0.415010417661165,2020-07-11,0.414932219231266
São Paulo,São Paulo,0.418017365566428,2020-07-11,0.421374506176813
Amazonas,Manaus,0.470375894468658,2020-07-12,0.412685294419974
São Paulo,São Paulo,0.487035939436392,2020-07-12,0.418327019723775
Amazonas,Manaus,0.420547844439792,2020-07-13,0.412505906512414
São Paulo,São Paulo,0.419737977765468,2020-07-13,0.417859953513622
Amazonas,Manaus,0.420749328240921,2020-07-14,0.411946154286807
São Paulo,São Paulo,0.431805581459519,2020-07-14,0.416471212322566
Amazonas,Manaus,0.407356594822368,2020-07-15,0.41071496927193
São Paulo,São Paulo,0.416434157683365,2020-07-15,0.412534883323516
Amazonas,Manaus,0.404610673004841,2020-07-16,0.409906478948214
São Paulo,São Paulo,0.410728550455547,2020-07-16,0.40924623343858
Amazonas,Manaus,0.365874781981115,2020-07-17,0.409956629518893
São Paulo,São Paulo,0.36586197087097,2020-07-17,0.40704523675243
Amazonas,Manaus,0.39928194398212,2020-07-18,0.414140998027485
São Paulo,São Paulo,0.396684960395167,2020-07-18,0.410289805445931
Amazonas,Manaus,0.469120179115738,2020-07-19,0.416737341351402
São Paulo,São Paulo,0.483766475965318,2020-07-19,0.412515713775512
Amazonas,Manaus,0.416629578860544,2020-07-20,0.417431750923134
São Paulo,São Paulo,0.410016789428076,2020-07-20,0.414863644835632
Amazonas,Manaus,0.412131033136788,2020-07-21,0.417177190901281
São Paulo,São Paulo,0.404251278466171,2020-07-21,0.414633761341571
Amazonas,Manaus,0.401697162556351,2020-07-22,0.416446366339907
São Paulo,São Paulo,0.393413608488808,2020-07-22,0.414315477075303
Amazonas,Manaus,0.404961726999596,2020-07-23,0.41645451860456
São Paulo,São Paulo,0.395321573652499,2020-07-23,0.416641452804972
Amazonas,Manaus,0.395165361541261,2020-07-24,0.415805225696697
São Paulo,São Paulo,0.388573951725481,2020-07-24,0.419385707064428
Amazonas,Manaus,0.417456347249535,2020-07-25,0.415198677525744
São Paulo,São Paulo,0.41226631870223,2020-07-25,0.420093162554463
Amazonas,Manaus,0.473981046117865,2020-07-26,0.413734288944471
São Paulo,São Paulo,0.50020199338616,2020-07-26,0.419991534690342
Amazonas,Manaus,0.414847658707571,2020-07-27,0.411769139756469
São Paulo,São Paulo,0.40840760496965,2020-07-27,0.417366935501896
Amazonas,Manaus,0.407015261207169,2020-07-28,0.41037855552798
São Paulo,São Paulo,0.402023288602291,2020-07-28,0.416489327554203
Amazonas,Manaus,0.401754228408921,2020-07-29,0.408746628297921
São Paulo,São Paulo,0.409695438596491,2020-07-29,0.414873808710725
Amazonas,Manaus,0.400416676644556,2020-07-30,0.404915319605713
São Paulo,São Paulo,0.414531353468691,2020-07-30,0.409836469827104
Amazonas,Manaus,0.390919524344592,2020-07-31,0.402837273065965
São Paulo,São Paulo,0.393526140155729,2020-07-31,0.405419124868067
Amazonas,Manaus,0.407205627180626,2020-08-01,0.399630228840782
São Paulo,São Paulo,0.411554923653382,2020-08-01,0.400493542325377
Amazonas,Manaus,0.460225001801849,2020-08-02,0.39781528554695
São Paulo,São Paulo,0.481829799067041,2020-08-02,0.397453524881635
Amazonas,Manaus,0.40511356910815,2020-08-03,0.393808362345218
São Paulo,São Paulo,0.402264349335795,2020-08-03,0.392763415035211
Amazonas,Manaus,0.395591770596751,2020-08-04,0.392219104420411
São Paulo,São Paulo,0.390714656697943,2020-08-04,0.391083906757835
Amazonas,Manaus,0.374935067563465,2020-08-05,0.391390771537537
São Paulo,São Paulo,0.374434066411144,2020-08-05,0.390600491905874
Amazonas,Manaus,0.385870350866324,2020-08-06,0.393500872718948
São Paulo,São Paulo,0.383609938755434,2020-08-06,0.391706474995291
Amazonas,Manaus,0.368470214768306,2020-08-07,0.395479302657646
São Paulo,São Paulo,0.359047062356896,2020-08-07,0.39395192057181
Amazonas,Manaus,0.394501024123805,2020-08-08,0.397741506613624
São Paulo,São Paulo,0.390274801547191,2020-08-08,0.39637857349537
Amazonas,Manaus,0.432176539389722,2020-08-09,0.399345952471995
São Paulo,São Paulo,0.448999030142072,2020-08-09,0.399515415096647
Amazonas,Manaus,0.393988763634504,2020-08-10,0.404245767310114
São Paulo,São Paulo,0.390507791394164,2020-08-10,0.409596447511157
Amazonas,Manaus,0.38979344041663,2020-08-11,0.404989084046683
São Paulo,São Paulo,0.387330752734219,2020-08-11,0.412566871712376
Amazonas,Manaus,0.389705775833345,2020-08-12,0.404547757565096
São Paulo,São Paulo,0.382175948037062,2020-08-12,0.415619900610407
Amazonas,Manaus,0.399719360437207,2020-08-13,0.403925082961658
São Paulo,São Paulo,0.399328057791066,2020-08-13,0.416692978852238
Amazonas,Manaus,0.384305642460157,2020-08-14,0.401532720183977
São Paulo,São Paulo,0.376033632821818,2020-08-14,0.417058141316867
Amazonas,Manaus,0.405732145132398,2020-08-15,0.400084209651051
São Paulo,São Paulo,0.412232692756128,2020-08-15,0.4239927035373
Amazonas,Manaus,0.466475243256559,2020-08-16,0.399602126610807
São Paulo,São Paulo,0.519566257043645,2020-08-16,0.427789512222075
Amazonas,Manaus,0.399191980790487,2020-08-17,0.400432619980054
São Paulo,São Paulo,0.411300760802692,2020-08-17,0.425161743558988
Amazonas,Manaus,0.38670415504552,2020-08-18,0.399937146059627
São Paulo,São Paulo,0.408701955020436,2020-08-18,0.423175870414738
Amazonas,Manaus,0.38534705360928,2020-08-19,0.400046334114892
São Paulo,São Paulo,0.389687495729883,2020-08-19,0.420876014480606
Amazonas,Manaus,0.38297282099344,2020-08-20,0.399967281305574
São Paulo,São Paulo,0.40188419504347,2020-08-20,0.420134220118978
Amazonas,Manaus,0.374166068729677,2020-08-21,0.400268914984977
São Paulo,São Paulo,0.42457556836485,2020-08-21,0.417432492525801
Amazonas,Manaus,0.402357563850688,2020-08-22,0.400655745805519
São Paulo,São Paulo,0.438810353549547,2020-08-22,0.409325764142622
Amazonas,Manaus,0.472288696841285,2020-08-23,0.400412737876591
São Paulo,São Paulo,0.501171876402034,2020-08-23,0.402107667275675
Amazonas,Manaus,0.395723663347498,2020-08-24,0.398491415412546
São Paulo,São Paulo,0.397399648792947,2020-08-24,0.396312361864445
Amazonas,Manaus,0.387468471432376,2020-08-25,0.397928651757311
São Paulo,São Paulo,0.392602963481507,2020-08-25,0.396007873709856
Amazonas,Manaus,0.384793683944054,2020-08-26,0.397019901344151
São Paulo,São Paulo,0.384494935198489,2020-08-26,0.39466207490006
Amazonas,Manaus,0.385084256749259,2020-08-27,
São Paulo,São Paulo,0.382972101891234,2020-08-27,
Amazonas,Manaus,0.376873884473472,2020-08-28,
São Paulo,São Paulo,0.367828469682592,2020-08-28,
Amazonas,Manaus,0.400656508348193,2020-08-29,
São Paulo,São Paulo,0.38828367548092,2020-08-29,
Amazonas,Manaus,0.458839439592971,2020-08-30,
São Paulo,São Paulo,0.460604738523426,2020-08-30,
Amazonas,Manaus,0.391784317760856,2020-08-31,
São Paulo,São Paulo,0.395268231710821,2020-08-31,
Amazonas,Manaus,0.381107218540252,2020-09-01,
São Paulo,São Paulo,0.383182371812934,2020-09-01,
