decile,dt,dist
1,2020-03-01,0.429271725225261
1,2020-03-02,0.289822047606053
1,2020-03-03,0.297832769118456
1,2020-03-04,0.311758782435896
1,2020-03-05,0.296059016013545
1,2020-03-06,0.276364471124268
1,2020-03-07,0.310142269761778
1,2020-03-08,0.416622024842707
1,2020-03-09,0.295299232535769
1,2020-03-10,0.291879488506282
1,2020-03-11,0.284601116253006
1,2020-03-12,0.297042089992502
1,2020-03-13,0.300904854754143
1,2020-03-14,0.355570022336438
1,2020-03-15,0.424804209468342
1,2020-03-16,0.332534263356336
1,2020-03-17,0.339117831034094
1,2020-03-18,0.356489513232679
1,2020-03-19,0.376191545503988
1,2020-03-20,0.385696118626579
1,2020-03-21,0.500682172886983
1,2020-03-22,0.602105292290119
1,2020-03-23,0.493310667417339
1,2020-03-24,0.524439373608894
1,2020-03-25,0.518409658657649
1,2020-03-26,0.521669706269289
1,2020-03-27,0.500884720369896
1,2020-03-28,0.536706463327042
1,2020-03-29,0.607327584518294
1,2020-03-30,0.490419655228204
1,2020-03-31,0.481859646931018
1,2020-04-01,0.459585515563985
1,2020-04-02,0.48505480273015
1,2020-04-03,0.481180379945122
1,2020-04-04,0.501463554395988
1,2020-04-05,0.562422418320726
1,2020-04-06,0.475207513244551
1,2020-04-07,0.461666869277151
1,2020-04-08,0.454359619956276
1,2020-04-09,0.441967451377671
1,2020-04-10,0.531843539980135
1,2020-04-11,0.48933920944162
1,2020-04-12,0.542854819295772
1,2020-04-13,0.462290692603906
1,2020-04-14,0.462567844192515
1,2020-04-15,0.458465437866318
1,2020-04-16,0.426807244156328
1,2020-04-17,0.428179940496596
1,2020-04-18,0.4693012260714
1,2020-04-19,0.543812399675563
1,2020-04-20,0.466298238010057
1,2020-04-21,0.513955115835647
1,2020-04-22,0.426115715009082
1,2020-04-23,0.437139970144354
1,2020-04-24,0.414007242505124
1,2020-04-25,0.457472236712229
1,2020-04-26,0.531667244948117
1,2020-04-27,0.440423559537699
1,2020-04-28,0.435693903003697
1,2020-04-29,0.425665263842981
1,2020-04-30,0.410818918277444
1,2020-05-01,0.492722020723512
1,2020-05-02,0.459026628113082
1,2020-05-03,0.515672998354411
1,2020-05-04,0.43861674386686
1,2020-05-05,0.427011773032631
1,2020-05-06,0.423264150894012
1,2020-05-07,0.445114399301747
1,2020-05-08,0.412862813597982
1,2020-05-09,0.427750565061865
1,2020-05-10,0.485255076149471
1,2020-05-11,0.440201404609065
1,2020-05-12,0.434874601077575
1,2020-05-13,0.435749113591905
1,2020-05-14,0.435978545646718
1,2020-05-15,0.432930780356225
1,2020-05-16,0.464107988224582
1,2020-05-17,0.528784661017016
1,2020-05-18,0.425620312424815
1,2020-05-19,0.418386625706942
1,2020-05-20,0.427196937170815
1,2020-05-21,0.426168179925885
1,2020-05-22,0.411777589200896
1,2020-05-23,0.461102137404295
1,2020-05-24,0.544082075412257
1,2020-05-25,0.475736102322544
1,2020-05-26,0.411268082644854
1,2020-05-27,0.403285989058412
1,2020-05-28,0.413422911247223
1,2020-05-29,0.393015068778073
1,2020-05-30,0.425328639791586
1,2020-05-31,0.497495948268909
1,2020-06-01,0.408284130990372
1,2020-06-02,0.423279893191611
1,2020-06-03,0.400003530566506
1,2020-06-04,0.396937355415154
1,2020-06-05,0.398648191981788
1,2020-06-06,0.407570485756883
1,2020-06-07,0.47704737947481
1,2020-06-08,0.37982238294613
1,2020-06-09,0.377574981392883
1,2020-06-10,0.399860022624341
1,2020-06-11,0.398358472291563
1,2020-06-12,0.369511612116852
1,2020-06-13,0.388659146510088
1,2020-06-14,0.510312940971056
1,2020-06-15,0.392628902933262
1,2020-06-16,0.390739377298414
1,2020-06-17,0.372102888939978
1,2020-06-18,0.377698261289873
1,2020-06-19,0.333697158986748
1,2020-06-20,0.386531592226048
1,2020-06-21,0.469469198561059
1,2020-06-22,0.375454841353243
1,2020-06-23,0.374565496014887
1,2020-06-24,0.374617039606838
1,2020-06-25,0.367184149763171
1,2020-06-26,0.374928735222179
1,2020-06-27,0.46796928329107
1,2020-06-28,0.517634282212039
1,2020-06-29,0.400687298321446
1,2020-06-30,0.379043489076027
1,2020-07-01,0.381341569494439
1,2020-07-02,0.383606896750739
1,2020-07-03,0.36805964280816
1,2020-07-04,0.400908233583476
1,2020-07-05,0.479821844933546
1,2020-07-06,0.38974617179047
1,2020-07-07,0.379774594935712
1,2020-07-08,0.371592510132693
1,2020-07-09,0.378912690958125
1,2020-07-10,0.370146037967443
1,2020-07-11,0.40368376902887
1,2020-07-12,0.470090017493626
1,2020-07-13,0.394559426549855
1,2020-07-14,0.409533094297367
1,2020-07-15,0.391584410398195
1,2020-07-16,0.386300343194112
1,2020-07-17,0.343411035159972
1,2020-07-18,0.377744060129648
1,2020-07-19,0.466188771829964
1,2020-07-20,0.378130776404214
1,2020-07-21,0.377822983399037
1,2020-07-22,0.366027470223104
1,2020-07-23,0.368446320477396
1,2020-07-24,0.361225846701712
1,2020-07-25,0.39689548685997
1,2020-07-26,0.478230287287003
1,2020-07-27,0.37989728692916
1,2020-07-28,0.381371251504134
1,2020-07-29,0.385544697701742
1,2020-07-30,0.393189071317386
1,2020-07-31,0.365718206189429
1,2020-08-01,0.393984193977904
1,2020-08-02,0.46306304996193
1,2020-08-03,0.378074123828281
1,2020-08-04,0.36599910442137
1,2020-08-05,0.351485056127409
1,2020-08-06,0.357935099929069
1,2020-08-07,0.332049690109391
1,2020-08-08,0.37164681879313
1,2020-08-09,0.434901595243664
1,2020-08-10,0.364023199837998
2,2020-03-01,0.425063310969497
2,2020-03-02,0.27906314378177
2,2020-03-03,0.295605661298106
2,2020-03-04,0.302586513392529
2,2020-03-05,0.289914859601845
2,2020-03-06,0.27297990360793
2,2020-03-07,0.31845845908967
2,2020-03-08,0.410752643610044
2,2020-03-09,0.292478791162056
2,2020-03-10,0.290050653699942
2,2020-03-11,0.281421009844426
2,2020-03-12,0.297170554802703
2,2020-03-13,0.289647496994871
2,2020-03-14,0.347133053333046
2,2020-03-15,0.425743933459008
2,2020-03-16,0.325210342562863
2,2020-03-17,0.333959986824562
2,2020-03-18,0.348135827860868
2,2020-03-19,0.372345602702433
2,2020-03-20,0.383059396236064
2,2020-03-21,0.509395696596414
2,2020-03-22,0.598616071343105
2,2020-03-23,0.499714269787601
2,2020-03-24,0.518425908395048
2,2020-03-25,0.517422135635887
2,2020-03-26,0.525352716852601
2,2020-03-27,0.500455043660254
2,2020-03-28,0.533706337409187
2,2020-03-29,0.613589304362758
2,2020-03-30,0.490541177539306
2,2020-03-31,0.482947261957205
2,2020-04-01,0.460073293299773
2,2020-04-02,0.487679817541461
2,2020-04-03,0.483673350653771
2,2020-04-04,0.507390958233272
2,2020-04-05,0.567284507432662
2,2020-04-06,0.479828716351022
2,2020-04-07,0.460931991555806
2,2020-04-08,0.457150438168764
2,2020-04-09,0.441637631716964
2,2020-04-10,0.533182622159635
2,2020-04-11,0.48901083129594
2,2020-04-12,0.546897684508915
2,2020-04-13,0.470327986437654
2,2020-04-14,0.461139884407826
2,2020-04-15,0.45895712685281
2,2020-04-16,0.424655830187278
2,2020-04-17,0.430863717713119
2,2020-04-18,0.467492298042654
2,2020-04-19,0.549311887319368
2,2020-04-20,0.461382187761359
2,2020-04-21,0.513808451701248
2,2020-04-22,0.424351936686229
2,2020-04-23,0.434694406273805
2,2020-04-24,0.41746036079351
2,2020-04-25,0.463736875357341
2,2020-04-26,0.529457532817998
2,2020-04-27,0.448617885772033
2,2020-04-28,0.434883393268469
2,2020-04-29,0.421245237168638
2,2020-04-30,0.420573208899009
2,2020-05-01,0.495159682135485
2,2020-05-02,0.454286648432533
2,2020-05-03,0.516216335438565
2,2020-05-04,0.438827088813397
2,2020-05-05,0.41973109356664
2,2020-05-06,0.428536571404698
2,2020-05-07,0.444205913875918
2,2020-05-08,0.414293696669825
2,2020-05-09,0.43539927234147
2,2020-05-10,0.480362764550797
2,2020-05-11,0.439027314249394
2,2020-05-12,0.437460169383093
2,2020-05-13,0.432902929182647
2,2020-05-14,0.443318804751519
2,2020-05-15,0.434753463707691
2,2020-05-16,0.459070592598163
2,2020-05-17,0.527083106412721
2,2020-05-18,0.433181756534621
2,2020-05-19,0.425448871448282
2,2020-05-20,0.433480237643367
2,2020-05-21,0.432533726047914
2,2020-05-22,0.41645890709165
2,2020-05-23,0.455603415008292
2,2020-05-24,0.54584648266496
2,2020-05-25,0.48167776178511
2,2020-05-26,0.414317205861422
2,2020-05-27,0.406956112712146
2,2020-05-28,0.413999597701985
2,2020-05-29,0.395920088055335
2,2020-05-30,0.42707414613558
2,2020-05-31,0.507093952098005
2,2020-06-01,0.408870413937036
2,2020-06-02,0.426633152069718
2,2020-06-03,0.406220544253938
2,2020-06-04,0.401182060206896
2,2020-06-05,0.397983038384811
2,2020-06-06,0.416067018453264
2,2020-06-07,0.483770754547133
2,2020-06-08,0.39136159992136
2,2020-06-09,0.377532894612589
2,2020-06-10,0.396316655529905
2,2020-06-11,0.397063008463004
2,2020-06-12,0.373568671095635
2,2020-06-13,0.401088303373888
2,2020-06-14,0.511957011205785
2,2020-06-15,0.395788358752713
2,2020-06-16,0.393444889117913
2,2020-06-17,0.368803549762348
2,2020-06-18,0.382666683999082
2,2020-06-19,0.339959319155325
2,2020-06-20,0.391309884415019
2,2020-06-21,0.468174687916946
2,2020-06-22,0.376503759166448
2,2020-06-23,0.376731567716973
2,2020-06-24,0.374243351682581
2,2020-06-25,0.36868690277402
2,2020-06-26,0.377352241921057
2,2020-06-27,0.471309738871977
2,2020-06-28,0.514913283641886
2,2020-06-29,0.393187347570765
2,2020-06-30,0.383369693187683
2,2020-07-01,0.386586150665217
2,2020-07-02,0.374990781710459
2,2020-07-03,0.368071920376388
2,2020-07-04,0.398736556257015
2,2020-07-05,0.4725983021338
2,2020-07-06,0.390377952572212
2,2020-07-07,0.373134498672194
2,2020-07-08,0.365346370128321
2,2020-07-09,0.383523674040501
2,2020-07-10,0.364840138044563
2,2020-07-11,0.394715646011515
2,2020-07-12,0.471189576368741
2,2020-07-13,0.397297390681274
2,2020-07-14,0.404811290959669
2,2020-07-15,0.384983832850318
2,2020-07-16,0.388678211677138
2,2020-07-17,0.346732160361305
2,2020-07-18,0.370622018872227
2,2020-07-19,0.465456161296859
2,2020-07-20,0.377411716289045
2,2020-07-21,0.380527554436115
2,2020-07-22,0.368323306118638
2,2020-07-23,0.373575583719547
2,2020-07-24,0.367067977974999
2,2020-07-25,0.396766806349356
2,2020-07-26,0.481378749798094
2,2020-07-27,0.383111900206847
2,2020-07-28,0.38440732609916
2,2020-07-29,0.385269685528759
2,2020-07-30,0.39445093603182
2,2020-07-31,0.364485091061987
2,2020-08-01,0.400472339025454
2,2020-08-02,0.467214946099848
2,2020-08-03,0.377313589617059
2,2020-08-04,0.37060779245547
2,2020-08-05,0.348946998530963
2,2020-08-06,0.36117192457621
2,2020-08-07,0.333694374143984
2,2020-08-08,0.382395370124046
2,2020-08-09,0.431465188699113
2,2020-08-10,0.360628606810545
3,2020-03-01,0.422557682180437
3,2020-03-02,0.28179418062003
3,2020-03-03,0.290184241277926
3,2020-03-04,0.299281222386766
3,2020-03-05,0.29445741378516
3,2020-03-06,0.264154499373683
3,2020-03-07,0.312205457765047
3,2020-03-08,0.413703352753447
3,2020-03-09,0.284875220414145
3,2020-03-10,0.290742982829
3,2020-03-11,0.277193972875102
3,2020-03-12,0.286944546527014
3,2020-03-13,0.289677635849997
3,2020-03-14,0.354381049760889
3,2020-03-15,0.420179621329536
3,2020-03-16,0.323870082746716
3,2020-03-17,0.328761993534517
3,2020-03-18,0.345060607216483
3,2020-03-19,0.372946910229486
3,2020-03-20,0.389157373472097
3,2020-03-21,0.511361366646612
3,2020-03-22,0.609683583408533
3,2020-03-23,0.499374482022977
3,2020-03-24,0.524890548061088
3,2020-03-25,0.521617578741433
3,2020-03-26,0.523333756587051
3,2020-03-27,0.50275719412581
3,2020-03-28,0.544769662508804
3,2020-03-29,0.61274472756955
3,2020-03-30,0.499146429548102
3,2020-03-31,0.485404422296661
3,2020-04-01,0.457945186223645
3,2020-04-02,0.489312215059149
3,2020-04-03,0.485158332101725
3,2020-04-04,0.51241920749398
3,2020-04-05,0.580528670857526
3,2020-04-06,0.484844000705726
3,2020-04-07,0.460343684833398
3,2020-04-08,0.457941982684457
3,2020-04-09,0.443233104147507
3,2020-04-10,0.537905656718332
3,2020-04-11,0.497436619496445
3,2020-04-12,0.554690181113305
3,2020-04-13,0.46597929856143
3,2020-04-14,0.466127578250386
3,2020-04-15,0.461886309745092
3,2020-04-16,0.428790608220277
3,2020-04-17,0.435982051671436
3,2020-04-18,0.473925438589203
3,2020-04-19,0.548039993569726
3,2020-04-20,0.4699884774003
3,2020-04-21,0.524000165897263
3,2020-04-22,0.436489689108978
3,2020-04-23,0.432144767059232
3,2020-04-24,0.424786145094363
3,2020-04-25,0.464519584953674
3,2020-04-26,0.539504392335223
3,2020-04-27,0.445505617301443
3,2020-04-28,0.438901143817073
3,2020-04-29,0.429887701837595
3,2020-04-30,0.422883714649607
3,2020-05-01,0.499442077482403
3,2020-05-02,0.472082373555897
3,2020-05-03,0.517374409918251
3,2020-05-04,0.44242221188069
3,2020-05-05,0.432838302163312
3,2020-05-06,0.435142192242239
3,2020-05-07,0.452748779481776
3,2020-05-08,0.418844081969188
3,2020-05-09,0.440016172228555
3,2020-05-10,0.484950779929911
3,2020-05-11,0.444638181402006
3,2020-05-12,0.447764235973982
3,2020-05-13,0.436016351309632
3,2020-05-14,0.438110747595353
3,2020-05-15,0.431917040643492
3,2020-05-16,0.460266006633419
3,2020-05-17,0.535408253296807
3,2020-05-18,0.431916234717667
3,2020-05-19,0.424142544679234
3,2020-05-20,0.433273411589797
3,2020-05-21,0.428773034306565
3,2020-05-22,0.421335362050552
3,2020-05-23,0.47137097486333
3,2020-05-24,0.543855981750829
3,2020-05-25,0.485449664981513
3,2020-05-26,0.412613978510098
3,2020-05-27,0.413226849690658
3,2020-05-28,0.416005915469592
3,2020-05-29,0.39903746602713
3,2020-05-30,0.433882565624653
3,2020-05-31,0.507016833309646
3,2020-06-01,0.419500349226703
3,2020-06-02,0.423546958143982
3,2020-06-03,0.403982268407904
3,2020-06-04,0.39851692894126
3,2020-06-05,0.403132605720292
3,2020-06-06,0.414970245899577
3,2020-06-07,0.488209600437218
3,2020-06-08,0.385985131998017
3,2020-06-09,0.381357593279865
3,2020-06-10,0.393701666014106
3,2020-06-11,0.399227785526266
3,2020-06-12,0.37011799421506
3,2020-06-13,0.400795923478259
3,2020-06-14,0.514642437418495
3,2020-06-15,0.392408438864063
3,2020-06-16,0.397067648993874
3,2020-06-17,0.369510751437571
3,2020-06-18,0.37896092192752
3,2020-06-19,0.3388484744829
3,2020-06-20,0.385806395643032
3,2020-06-21,0.462821191476488
3,2020-06-22,0.385852841098782
3,2020-06-23,0.378237634778151
3,2020-06-24,0.383713262741936
3,2020-06-25,0.376816912851673
3,2020-06-26,0.383419259873967
3,2020-06-27,0.475459982167915
3,2020-06-28,0.526008929362439
3,2020-06-29,0.396365706846525
3,2020-06-30,0.385419941608696
3,2020-07-01,0.383194892891388
3,2020-07-02,0.383111440532235
3,2020-07-03,0.369883228705086
3,2020-07-04,0.40112682458021
3,2020-07-05,0.476944209581653
3,2020-07-06,0.392241089678469
3,2020-07-07,0.375078675276765
3,2020-07-08,0.372439952772692
3,2020-07-09,0.387859796419768
3,2020-07-10,0.368015639969078
3,2020-07-11,0.400433187283715
3,2020-07-12,0.468592241970655
3,2020-07-13,0.395256029441649
3,2020-07-14,0.410216562327426
3,2020-07-15,0.390019114640288
3,2020-07-16,0.389543690211113
3,2020-07-17,0.34863411316332
3,2020-07-18,0.381197552042078
3,2020-07-19,0.466777298531751
3,2020-07-20,0.382166184007163
3,2020-07-21,0.38076038696055
3,2020-07-22,0.368509896455678
3,2020-07-23,0.368480520130888
3,2020-07-24,0.367862178723437
3,2020-07-25,0.390377854356594
3,2020-07-26,0.486495955281991
3,2020-07-27,0.386535523667502
3,2020-07-28,0.380029899105139
3,2020-07-29,0.38362463417302
3,2020-07-30,0.392943729414736
3,2020-07-31,0.370058445716541
3,2020-08-01,0.39649882570892
3,2020-08-02,0.466995966827167
3,2020-08-03,0.372787870838094
3,2020-08-04,0.365820975782253
3,2020-08-05,0.34891990615819
3,2020-08-06,0.362921368351224
3,2020-08-07,0.334203054695075
3,2020-08-08,0.372418868086629
3,2020-08-09,0.431850277973377
3,2020-08-10,0.363617753900031
4,2020-03-01,0.421105298109622
4,2020-03-02,0.279934450237183
4,2020-03-03,0.296124985822284
4,2020-03-04,0.293777997524825
4,2020-03-05,0.287280988352511
4,2020-03-06,0.265147505132572
4,2020-03-07,0.310015470651601
4,2020-03-08,0.414817315201514
4,2020-03-09,0.2817715329314
4,2020-03-10,0.284282116619265
4,2020-03-11,0.275015679274529
4,2020-03-12,0.287733527032093
4,2020-03-13,0.287847629792117
4,2020-03-14,0.348890151452608
4,2020-03-15,0.424491266885086
4,2020-03-16,0.326069511946787
4,2020-03-17,0.332132662077566
4,2020-03-18,0.35033704817671
4,2020-03-19,0.370109606591396
4,2020-03-20,0.392580802659389
4,2020-03-21,0.518529232839041
4,2020-03-22,0.613571129290739
4,2020-03-23,0.503806482163762
4,2020-03-24,0.526982139950336
4,2020-03-25,0.524695689848786
4,2020-03-26,0.522025000096139
4,2020-03-27,0.51209241929867
4,2020-03-28,0.544842580244427
4,2020-03-29,0.609557226834115
4,2020-03-30,0.497594063912597
4,2020-03-31,0.483085465952278
4,2020-04-01,0.461001148260391
4,2020-04-02,0.492198596294422
4,2020-04-03,0.483275786418535
4,2020-04-04,0.513472617326086
4,2020-04-05,0.580739892908517
4,2020-04-06,0.484013469587706
4,2020-04-07,0.469044235846005
4,2020-04-08,0.462785319342461
4,2020-04-09,0.447785747626708
4,2020-04-10,0.537959715716672
4,2020-04-11,0.498864250529562
4,2020-04-12,0.551972910196226
4,2020-04-13,0.47332003306397
4,2020-04-14,0.475314024310532
4,2020-04-15,0.459701251364831
4,2020-04-16,0.428335004570444
4,2020-04-17,0.442871018917326
4,2020-04-18,0.477023608202032
4,2020-04-19,0.552709644554463
4,2020-04-20,0.472344820508885
4,2020-04-21,0.529038004595745
4,2020-04-22,0.43574082689899
4,2020-04-23,0.438317052579321
4,2020-04-24,0.423361202234086
4,2020-04-25,0.465163457218323
4,2020-04-26,0.537760742631523
4,2020-04-27,0.450723142903983
4,2020-04-28,0.44166052207297
4,2020-04-29,0.432330842655168
4,2020-04-30,0.416443937347677
4,2020-05-01,0.496982614148882
4,2020-05-02,0.464450889465612
4,2020-05-03,0.52112623282029
4,2020-05-04,0.438340244144471
4,2020-05-05,0.428855965307901
4,2020-05-06,0.432144893974798
4,2020-05-07,0.451930746045981
4,2020-05-08,0.417496931054591
4,2020-05-09,0.441978661686817
4,2020-05-10,0.484905179759965
4,2020-05-11,0.447359989861858
4,2020-05-12,0.44198055322405
4,2020-05-13,0.434881094230556
4,2020-05-14,0.444613792763444
4,2020-05-15,0.434151389140935
4,2020-05-16,0.460021263067955
4,2020-05-17,0.527385897493487
4,2020-05-18,0.428990022893794
4,2020-05-19,0.421547572094701
4,2020-05-20,0.432729324426815
4,2020-05-21,0.430569949437826
4,2020-05-22,0.432143254307064
4,2020-05-23,0.46467534606948
4,2020-05-24,0.541104326025536
4,2020-05-25,0.486276852822244
4,2020-05-26,0.418643286191209
4,2020-05-27,0.412889229567961
4,2020-05-28,0.419392860038599
4,2020-05-29,0.39701689343568
4,2020-05-30,0.433736488389487
4,2020-05-31,0.513832895353811
4,2020-06-01,0.411872638062218
4,2020-06-02,0.431712897829014
4,2020-06-03,0.403567828135835
4,2020-06-04,0.40217101616528
4,2020-06-05,0.406159748613271
4,2020-06-06,0.409683577966984
4,2020-06-07,0.48649187101439
4,2020-06-08,0.390641334587619
4,2020-06-09,0.384651562462664
4,2020-06-10,0.392461086529539
4,2020-06-11,0.399665112609887
4,2020-06-12,0.368246075349345
4,2020-06-13,0.403076241092433
4,2020-06-14,0.510987948660609
4,2020-06-15,0.393637499430172
4,2020-06-16,0.393218343636907
4,2020-06-17,0.372283209932117
4,2020-06-18,0.381522255146608
4,2020-06-19,0.345190462084262
4,2020-06-20,0.3889465585217
4,2020-06-21,0.475647940892013
4,2020-06-22,0.384237397887341
4,2020-06-23,0.377638358680777
4,2020-06-24,0.383621606484189
4,2020-06-25,0.373966528071795
4,2020-06-26,0.383601554936905
4,2020-06-27,0.474813927956344
4,2020-06-28,0.520931048853982
4,2020-06-29,0.401235871648052
4,2020-06-30,0.390785820156075
4,2020-07-01,0.386850310781547
4,2020-07-02,0.383119844461437
4,2020-07-03,0.37267100576779
4,2020-07-04,0.403181373164161
4,2020-07-05,0.4805962334284
4,2020-07-06,0.395879714240313
4,2020-07-07,0.373157173475805
4,2020-07-08,0.375227308640236
4,2020-07-09,0.385297318816684
4,2020-07-10,0.376283720391132
4,2020-07-11,0.403931648200183
4,2020-07-12,0.469658140932156
4,2020-07-13,0.401705482849006
4,2020-07-14,0.408254401093425
4,2020-07-15,0.393997393221588
4,2020-07-16,0.391362728667394
4,2020-07-17,0.342295582248497
4,2020-07-18,0.37607025143852
4,2020-07-19,0.473826711674393
4,2020-07-20,0.38413041306134
4,2020-07-21,0.385325178488486
4,2020-07-22,0.368939789474769
4,2020-07-23,0.366689541899896
4,2020-07-24,0.366251287359682
4,2020-07-25,0.397042311812281
4,2020-07-26,0.492215637553843
4,2020-07-27,0.385961021351762
4,2020-07-28,0.378371186150674
4,2020-07-29,0.381407887400517
4,2020-07-30,0.395542069760037
4,2020-07-31,0.370433399614749
4,2020-08-01,0.395181763563595
4,2020-08-02,0.473067134448275
4,2020-08-03,0.376062635239912
4,2020-08-04,0.368781552393642
4,2020-08-05,0.347928085024555
4,2020-08-06,0.358501298031615
4,2020-08-07,0.33312552475843
4,2020-08-08,0.379130201805586
4,2020-08-09,0.436847033300734
4,2020-08-10,0.367977037294287
5,2020-03-01,0.421199490954026
5,2020-03-02,0.273905234762811
5,2020-03-03,0.289360655210907
5,2020-03-04,0.29238698978992
5,2020-03-05,0.285410080816985
5,2020-03-06,0.265721946673931
5,2020-03-07,0.311436594186866
5,2020-03-08,0.413780548353524
5,2020-03-09,0.282553198033821
5,2020-03-10,0.287389217936531
5,2020-03-11,0.27563454816591
5,2020-03-12,0.279837760836625
5,2020-03-13,0.288023876090436
5,2020-03-14,0.351244208490727
5,2020-03-15,0.424229203872251
5,2020-03-16,0.32442380533354
5,2020-03-17,0.328645630632041
5,2020-03-18,0.346719182633098
5,2020-03-19,0.378281831114918
5,2020-03-20,0.387560678123158
5,2020-03-21,0.5148465461122
5,2020-03-22,0.619717102525513
5,2020-03-23,0.508590856741857
5,2020-03-24,0.535515080552324
5,2020-03-25,0.526200499022072
5,2020-03-26,0.52962132028168
5,2020-03-27,0.513119470854183
5,2020-03-28,0.548668034393685
5,2020-03-29,0.618259516951527
5,2020-03-30,0.496638732672677
5,2020-03-31,0.491691733587969
5,2020-04-01,0.467692748088285
5,2020-04-02,0.497731858510207
5,2020-04-03,0.491094975193577
5,2020-04-04,0.517797873502183
5,2020-04-05,0.586631853570775
5,2020-04-06,0.485237322405291
5,2020-04-07,0.474761657889235
5,2020-04-08,0.46481523484174
5,2020-04-09,0.448805226474484
5,2020-04-10,0.54818704773471
5,2020-04-11,0.501399144904734
5,2020-04-12,0.55858128662758
5,2020-04-13,0.475905819859877
5,2020-04-14,0.476627966350061
5,2020-04-15,0.465639790105166
5,2020-04-16,0.434556600533803
5,2020-04-17,0.44228642211947
5,2020-04-18,0.48722219786294
5,2020-04-19,0.553572951875138
5,2020-04-20,0.475234457464926
5,2020-04-21,0.530529972116626
5,2020-04-22,0.442189359407682
5,2020-04-23,0.444782979546129
5,2020-04-24,0.434839194013958
5,2020-04-25,0.475906936090969
5,2020-04-26,0.540565164759884
5,2020-04-27,0.452767929687511
5,2020-04-28,0.44609481226145
5,2020-04-29,0.437852880828587
5,2020-04-30,0.421732343672202
5,2020-05-01,0.503559508176233
5,2020-05-02,0.468335805345383
5,2020-05-03,0.522703852451207
5,2020-05-04,0.446837635404213
5,2020-05-05,0.432494914276441
5,2020-05-06,0.434919852882824
5,2020-05-07,0.453497125527647
5,2020-05-08,0.421330196237837
5,2020-05-09,0.447783959811384
5,2020-05-10,0.486782083772586
5,2020-05-11,0.447331120238023
5,2020-05-12,0.448283949365058
5,2020-05-13,0.437811545724952
5,2020-05-14,0.446417664342322
5,2020-05-15,0.437986852174919
5,2020-05-16,0.468758138831374
5,2020-05-17,0.541416370562232
5,2020-05-18,0.435185342691336
5,2020-05-19,0.427528326138822
5,2020-05-20,0.434872634712392
5,2020-05-21,0.431428826670517
5,2020-05-22,0.42896709673435
5,2020-05-23,0.464778903419527
5,2020-05-24,0.549401726114765
5,2020-05-25,0.485581080554419
5,2020-05-26,0.415212644440001
5,2020-05-27,0.413293698515188
5,2020-05-28,0.417156955899277
5,2020-05-29,0.399467473381673
5,2020-05-30,0.439883526022677
5,2020-05-31,0.510256922695724
5,2020-06-01,0.410656620711214
5,2020-06-02,0.42967442026465
5,2020-06-03,0.413213867365044
5,2020-06-04,0.402503673889359
5,2020-06-05,0.406480784228669
5,2020-06-06,0.414621402750581
5,2020-06-07,0.48402492965363
5,2020-06-08,0.391703414292058
5,2020-06-09,0.387602378766401
5,2020-06-10,0.398992350427532
5,2020-06-11,0.405126489667991
5,2020-06-12,0.369608601736238
5,2020-06-13,0.402944803932981
5,2020-06-14,0.525319515827532
5,2020-06-15,0.400005907429704
5,2020-06-16,0.394690923818833
5,2020-06-17,0.371048046047798
5,2020-06-18,0.384422467061214
5,2020-06-19,0.345682305272071
5,2020-06-20,0.390113039612544
5,2020-06-21,0.474657457224057
5,2020-06-22,0.386858329898913
5,2020-06-23,0.382795953852431
5,2020-06-24,0.385584804323085
5,2020-06-25,0.373883558758878
5,2020-06-26,0.384139204395945
5,2020-06-27,0.47223509409163
5,2020-06-28,0.522265265275719
5,2020-06-29,0.401262889214706
5,2020-06-30,0.386719051340598
5,2020-07-01,0.392552808897937
5,2020-07-02,0.386479128434009
5,2020-07-03,0.376390335189459
5,2020-07-04,0.40692107706241
5,2020-07-05,0.480019593938843
5,2020-07-06,0.400583091377803
5,2020-07-07,0.375503972639876
5,2020-07-08,0.367523121735695
5,2020-07-09,0.389349997801077
5,2020-07-10,0.367724183164924
5,2020-07-11,0.403438422954066
5,2020-07-12,0.473559654842423
5,2020-07-13,0.399996371084522
5,2020-07-14,0.41075785791382
5,2020-07-15,0.387474825715056
5,2020-07-16,0.389064562660222
5,2020-07-17,0.347168497681328
5,2020-07-18,0.377497301293288
5,2020-07-19,0.467662162897879
5,2020-07-20,0.384519887872145
5,2020-07-21,0.380328472811516
5,2020-07-22,0.369310486139552
5,2020-07-23,0.375120166357724
5,2020-07-24,0.364649477757439
5,2020-07-25,0.404453922747603
5,2020-07-26,0.487842757764077
5,2020-07-27,0.389250106005563
5,2020-07-28,0.380819420536046
5,2020-07-29,0.388906930353242
5,2020-07-30,0.395842407273598
5,2020-07-31,0.36393490906729
5,2020-08-01,0.394118024918804
5,2020-08-02,0.467764485073053
5,2020-08-03,0.375585753115933
5,2020-08-04,0.367137345182346
5,2020-08-05,0.350349560073
5,2020-08-06,0.361292426934794
5,2020-08-07,0.340807146334941
5,2020-08-08,0.377288379618386
5,2020-08-09,0.436648431928333
5,2020-08-10,0.36616871104128
6,2020-03-01,0.421030358284238
6,2020-03-02,0.269664318401457
6,2020-03-03,0.284699255391844
6,2020-03-04,0.295259216665214
6,2020-03-05,0.285869449671699
6,2020-03-06,0.260955858005388
6,2020-03-07,0.313465367812912
6,2020-03-08,0.418075557262748
6,2020-03-09,0.281427803546114
6,2020-03-10,0.283905038835813
6,2020-03-11,0.269418962122749
6,2020-03-12,0.280760073719364
6,2020-03-13,0.288689253232591
6,2020-03-14,0.353062996239916
6,2020-03-15,0.421573129820617
6,2020-03-16,0.321395700659601
6,2020-03-17,0.325444646528715
6,2020-03-18,0.34528506883839
6,2020-03-19,0.378705219184988
6,2020-03-20,0.394298898289908
6,2020-03-21,0.521136228908916
6,2020-03-22,0.626537303291851
6,2020-03-23,0.512269799803734
6,2020-03-24,0.535631355304498
6,2020-03-25,0.534525678748062
6,2020-03-26,0.532403737169776
6,2020-03-27,0.516036709351531
6,2020-03-28,0.551626514771769
6,2020-03-29,0.625722581406738
6,2020-03-30,0.504305735594569
6,2020-03-31,0.493622308937459
6,2020-04-01,0.468624087126949
6,2020-04-02,0.497840863314998
6,2020-04-03,0.491049163851285
6,2020-04-04,0.515277839509034
6,2020-04-05,0.585640294869076
6,2020-04-06,0.488998874257214
6,2020-04-07,0.475725754606147
6,2020-04-08,0.471356424311681
6,2020-04-09,0.454886367959068
6,2020-04-10,0.551051248114736
6,2020-04-11,0.50470811970278
6,2020-04-12,0.567195393199921
6,2020-04-13,0.479234239408577
6,2020-04-14,0.475117348887423
6,2020-04-15,0.47172464087718
6,2020-04-16,0.438223716865461
6,2020-04-17,0.447050433809606
6,2020-04-18,0.483585733380833
6,2020-04-19,0.565029436399176
6,2020-04-20,0.478105297027974
6,2020-04-21,0.536497123966629
6,2020-04-22,0.441109018144063
6,2020-04-23,0.443324135680058
6,2020-04-24,0.433365025981205
6,2020-04-25,0.47730194996216
6,2020-04-26,0.544215470344007
6,2020-04-27,0.450455014198148
6,2020-04-28,0.444897213284074
6,2020-04-29,0.435993649833474
6,2020-04-30,0.420681544037547
6,2020-05-01,0.513325869981308
6,2020-05-02,0.473372460374424
6,2020-05-03,0.525531818323741
6,2020-05-04,0.444352381385834
6,2020-05-05,0.436053627100068
6,2020-05-06,0.436622301198384
6,2020-05-07,0.45732941837915
6,2020-05-08,0.428694945701709
6,2020-05-09,0.451163874251026
6,2020-05-10,0.49118308086439
6,2020-05-11,0.453399586306955
6,2020-05-12,0.449418945455014
6,2020-05-13,0.444768489577553
6,2020-05-14,0.448568461662503
6,2020-05-15,0.440773063341813
6,2020-05-16,0.473532622112135
6,2020-05-17,0.537566037354261
6,2020-05-18,0.438887527225008
6,2020-05-19,0.429182644251868
6,2020-05-20,0.436762637898851
6,2020-05-21,0.442837791597595
6,2020-05-22,0.429817329059222
6,2020-05-23,0.469231451959927
6,2020-05-24,0.559141758100268
6,2020-05-25,0.49238457047903
6,2020-05-26,0.418931168205433
6,2020-05-27,0.415986359387257
6,2020-05-28,0.415915941740138
6,2020-05-29,0.40012347194058
6,2020-05-30,0.436240159433306
6,2020-05-31,0.516035951820862
6,2020-06-01,0.415453243606863
6,2020-06-02,0.429545530817429
6,2020-06-03,0.408413206044078
6,2020-06-04,0.405254142873203
6,2020-06-05,0.408186236681068
6,2020-06-06,0.417890408065172
6,2020-06-07,0.494653965926549
6,2020-06-08,0.399826833599406
6,2020-06-09,0.393024227029183
6,2020-06-10,0.396911461058484
6,2020-06-11,0.401636695984155
6,2020-06-12,0.372114750014232
6,2020-06-13,0.407352641408451
6,2020-06-14,0.520755211803198
6,2020-06-15,0.403370987438439
6,2020-06-16,0.395492817468084
6,2020-06-17,0.372744359107573
6,2020-06-18,0.383762945280115
6,2020-06-19,0.348652221271618
6,2020-06-20,0.391717701386626
6,2020-06-21,0.478864187197591
6,2020-06-22,0.390322552807447
6,2020-06-23,0.386570612334008
6,2020-06-24,0.385581045649327
6,2020-06-25,0.377886214999262
6,2020-06-26,0.384522637821324
6,2020-06-27,0.475352706143407
6,2020-06-28,0.526758065194785
6,2020-06-29,0.404749273366943
6,2020-06-30,0.389109054464569
6,2020-07-01,0.389593221004016
6,2020-07-02,0.386707578665706
6,2020-07-03,0.374341384514039
6,2020-07-04,0.404971509775539
6,2020-07-05,0.479893341055148
6,2020-07-06,0.398488148241901
6,2020-07-07,0.378017906587349
6,2020-07-08,0.372504163524173
6,2020-07-09,0.386343380326696
6,2020-07-10,0.370120013033984
6,2020-07-11,0.403109138901931
6,2020-07-12,0.469799327424134
6,2020-07-13,0.397709526178866
6,2020-07-14,0.414703687168562
6,2020-07-15,0.392036516354696
6,2020-07-16,0.389245252418675
6,2020-07-17,0.347176582650834
6,2020-07-18,0.37608048173859
6,2020-07-19,0.471417610181123
6,2020-07-20,0.386286898766611
6,2020-07-21,0.383604675351454
6,2020-07-22,0.378200671091541
6,2020-07-23,0.375080111363913
6,2020-07-24,0.367587123864916
6,2020-07-25,0.3981136659422
6,2020-07-26,0.489774739784595
6,2020-07-27,0.393682053701677
6,2020-07-28,0.386080839352271
6,2020-07-29,0.390813945321313
6,2020-07-30,0.395466079396467
6,2020-07-31,0.367255323403516
6,2020-08-01,0.398871130323232
6,2020-08-02,0.472204218255886
6,2020-08-03,0.378829247127455
6,2020-08-04,0.363830706408739
6,2020-08-05,0.347520944563482
6,2020-08-06,0.361434390004374
6,2020-08-07,0.341098774167723
6,2020-08-08,0.379034773027903
6,2020-08-09,0.430215228451813
6,2020-08-10,0.368277919789954
7,2020-03-01,0.417836970982231
7,2020-03-02,0.273294912258596
7,2020-03-03,0.285133112212424
7,2020-03-04,0.292268520270313
7,2020-03-05,0.285315121228296
7,2020-03-06,0.265097080436985
7,2020-03-07,0.314686061464857
7,2020-03-08,0.409087541407643
7,2020-03-09,0.280436495262754
7,2020-03-10,0.282627264033197
7,2020-03-11,0.271841613340995
7,2020-03-12,0.283216610896103
7,2020-03-13,0.28788664761179
7,2020-03-14,0.350727004074959
7,2020-03-15,0.427840686065582
7,2020-03-16,0.325024488457308
7,2020-03-17,0.332574117500949
7,2020-03-18,0.352819155828054
7,2020-03-19,0.380638818189538
7,2020-03-20,0.406493820048203
7,2020-03-21,0.536504303296727
7,2020-03-22,0.638036499373854
7,2020-03-23,0.523871859366533
7,2020-03-24,0.558706995203229
7,2020-03-25,0.549654011604295
7,2020-03-26,0.54885961994139
7,2020-03-27,0.532232747932619
7,2020-03-28,0.568204868074272
7,2020-03-29,0.635381947799949
7,2020-03-30,0.522497882726355
7,2020-03-31,0.51192371054918
7,2020-04-01,0.477165640367273
7,2020-04-02,0.509021327305686
7,2020-04-03,0.508658328899604
7,2020-04-04,0.530039189181286
7,2020-04-05,0.599970276990108
7,2020-04-06,0.500553813273468
7,2020-04-07,0.491267468242601
7,2020-04-08,0.481923629002457
7,2020-04-09,0.466174791464449
7,2020-04-10,0.564366743702609
7,2020-04-11,0.515826443421037
7,2020-04-12,0.57420493717994
7,2020-04-13,0.492505267020759
7,2020-04-14,0.490344367133414
7,2020-04-15,0.483945107413594
7,2020-04-16,0.451922057944133
7,2020-04-17,0.460257976770414
7,2020-04-18,0.496787304603823
7,2020-04-19,0.57654238719795
7,2020-04-20,0.487928594547635
7,2020-04-21,0.546091698532274
7,2020-04-22,0.451626071683243
7,2020-04-23,0.458041204323249
7,2020-04-24,0.443427639268605
7,2020-04-25,0.487273973703135
7,2020-04-26,0.558854249441425
7,2020-04-27,0.46650754110427
7,2020-04-28,0.453665628500092
7,2020-04-29,0.442434139294658
7,2020-04-30,0.427179926657002
7,2020-05-01,0.520723166220918
7,2020-05-02,0.477786532778661
7,2020-05-03,0.534262518367466
7,2020-05-04,0.451301229866538
7,2020-05-05,0.44385596769904
7,2020-05-06,0.439795569328233
7,2020-05-07,0.458408971263446
7,2020-05-08,0.429340223970172
7,2020-05-09,0.454937037130559
7,2020-05-10,0.494373267745918
7,2020-05-11,0.466365478902204
7,2020-05-12,0.460579465236646
7,2020-05-13,0.452154274417652
7,2020-05-14,0.45878371951504
7,2020-05-15,0.446974555918026
7,2020-05-16,0.480006705972375
7,2020-05-17,0.552718315766128
7,2020-05-18,0.448050496911204
7,2020-05-19,0.430804262955696
7,2020-05-20,0.445205493611239
7,2020-05-21,0.451850059896444
7,2020-05-22,0.439920861353343
7,2020-05-23,0.47725380396909
7,2020-05-24,0.565249732189623
7,2020-05-25,0.501593090328138
7,2020-05-26,0.42656540466087
7,2020-05-27,0.42319510474082
7,2020-05-28,0.428449696330487
7,2020-05-29,0.403765253782522
7,2020-05-30,0.440979681680071
7,2020-05-31,0.518898597028273
7,2020-06-01,0.422988450297516
7,2020-06-02,0.440989215349918
7,2020-06-03,0.416676349667942
7,2020-06-04,0.417351534232667
7,2020-06-05,0.41584571299929
7,2020-06-06,0.429177375842111
7,2020-06-07,0.500919062324778
7,2020-06-08,0.402797602585664
7,2020-06-09,0.395161393568456
7,2020-06-10,0.406084275144055
7,2020-06-11,0.406544273770672
7,2020-06-12,0.383093402097979
7,2020-06-13,0.409787413593314
7,2020-06-14,0.53405640624378
7,2020-06-15,0.405788759536483
7,2020-06-16,0.405921555990726
7,2020-06-17,0.376560736479581
7,2020-06-18,0.392461851798577
7,2020-06-19,0.35060871462423
7,2020-06-20,0.399540349588181
7,2020-06-21,0.486900808508025
7,2020-06-22,0.398854718302621
7,2020-06-23,0.388268339818994
7,2020-06-24,0.391933216862948
7,2020-06-25,0.388874729775673
7,2020-06-26,0.390120452737685
7,2020-06-27,0.480262849692764
7,2020-06-28,0.531621168082615
7,2020-06-29,0.410423810315591
7,2020-06-30,0.401314506749062
7,2020-07-01,0.393884468662799
7,2020-07-02,0.393728808038091
7,2020-07-03,0.382453267743287
7,2020-07-04,0.40936751767689
7,2020-07-05,0.48674138436748
7,2020-07-06,0.404356344925507
7,2020-07-07,0.389725030944364
7,2020-07-08,0.38228961356814
7,2020-07-09,0.392839787000906
7,2020-07-10,0.377892120551477
7,2020-07-11,0.406351780822372
7,2020-07-12,0.478969138378802
7,2020-07-13,0.403577393992249
7,2020-07-14,0.415934806255906
7,2020-07-15,0.396244532241843
7,2020-07-16,0.394292031942121
7,2020-07-17,0.355737313085128
7,2020-07-18,0.383156846458827
7,2020-07-19,0.478579172803939
7,2020-07-20,0.390219595726014
7,2020-07-21,0.389037740500986
7,2020-07-22,0.376891961820392
7,2020-07-23,0.37541434699805
7,2020-07-24,0.373013215693531
7,2020-07-25,0.403124963033131
7,2020-07-26,0.494617454951247
7,2020-07-27,0.39012387039084
7,2020-07-28,0.384776748658807
7,2020-07-29,0.393645911831164
7,2020-07-30,0.400795518413076
7,2020-07-31,0.371025835823025
7,2020-08-01,0.398099703899652
7,2020-08-02,0.474423918072552
7,2020-08-03,0.385745440595615
7,2020-08-04,0.372714162764517
7,2020-08-05,0.357933725701416
7,2020-08-06,0.367948790080505
7,2020-08-07,0.345957729967608
7,2020-08-08,0.380862899345319
7,2020-08-09,0.443925624800577
7,2020-08-10,0.370981804464924
8,2020-03-01,0.422049435487418
8,2020-03-02,0.266191991976349
8,2020-03-03,0.282232180635529
8,2020-03-04,0.291040408369184
8,2020-03-05,0.281460988705369
8,2020-03-06,0.261929879537646
8,2020-03-07,0.31658201266019
8,2020-03-08,0.414142650873786
8,2020-03-09,0.280885446405984
8,2020-03-10,0.284082354398883
8,2020-03-11,0.268931534069508
8,2020-03-12,0.280553018276933
8,2020-03-13,0.28662467881631
8,2020-03-14,0.357191289146675
8,2020-03-15,0.429553599916334
8,2020-03-16,0.322791814419467
8,2020-03-17,0.333664596133355
8,2020-03-18,0.361140617240915
8,2020-03-19,0.389778058853381
8,2020-03-20,0.41658784221769
8,2020-03-21,0.554315636495352
8,2020-03-22,0.65976443743456
8,2020-03-23,0.539713446847907
8,2020-03-24,0.572143000582094
8,2020-03-25,0.566583150222847
8,2020-03-26,0.563169638926435
8,2020-03-27,0.539292532911454
8,2020-03-28,0.579927875595141
8,2020-03-29,0.646517485640853
8,2020-03-30,0.534587080102905
8,2020-03-31,0.523859813901664
8,2020-04-01,0.498685495603629
8,2020-04-02,0.531450109480176
8,2020-04-03,0.527295164393405
8,2020-04-04,0.548033513388102
8,2020-04-05,0.615016214184035
8,2020-04-06,0.51697427931803
8,2020-04-07,0.507771894420948
8,2020-04-08,0.501005756594066
8,2020-04-09,0.484681357537598
8,2020-04-10,0.581901570866223
8,2020-04-11,0.530454507400636
8,2020-04-12,0.588597612759835
8,2020-04-13,0.502949442767686
8,2020-04-14,0.502631448732112
8,2020-04-15,0.490945672278504
8,2020-04-16,0.463624922044835
8,2020-04-17,0.471579477420849
8,2020-04-18,0.508901385561173
8,2020-04-19,0.586990649178197
8,2020-04-20,0.500927604273241
8,2020-04-21,0.559574216855769
8,2020-04-22,0.467246570497804
8,2020-04-23,0.470728774997705
8,2020-04-24,0.455733281539717
8,2020-04-25,0.495274303648003
8,2020-04-26,0.570533267343075
8,2020-04-27,0.475202955357502
8,2020-04-28,0.467987768985259
8,2020-04-29,0.459309470124147
8,2020-04-30,0.443975971790858
8,2020-05-01,0.525579570769151
8,2020-05-02,0.485900814479126
8,2020-05-03,0.544904501298372
8,2020-05-04,0.469969852372941
8,2020-05-05,0.457299783611908
8,2020-05-06,0.456990921574714
8,2020-05-07,0.476442262967465
8,2020-05-08,0.447585186886705
8,2020-05-09,0.466721950241039
8,2020-05-10,0.510650242101871
8,2020-05-11,0.47339965283557
8,2020-05-12,0.471982543155854
8,2020-05-13,0.462314814936248
8,2020-05-14,0.469802288014879
8,2020-05-15,0.460583048745619
8,2020-05-16,0.492465956936164
8,2020-05-17,0.565508222348231
8,2020-05-18,0.458869661724251
8,2020-05-19,0.44222737997954
8,2020-05-20,0.456485870279681
8,2020-05-21,0.460580358852038
8,2020-05-22,0.457033275764457
8,2020-05-23,0.488796343614827
8,2020-05-24,0.573671353793109
8,2020-05-25,0.504672238825205
8,2020-05-26,0.437058192474633
8,2020-05-27,0.435503433435705
8,2020-05-28,0.436863935072985
8,2020-05-29,0.419251493150712
8,2020-05-30,0.442341652619858
8,2020-05-31,0.526531272362925
8,2020-06-01,0.438591105914449
8,2020-06-02,0.448619450115992
8,2020-06-03,0.425298400818309
8,2020-06-04,0.423482225782398
8,2020-06-05,0.424609088686851
8,2020-06-06,0.435531590442917
8,2020-06-07,0.510633313081567
8,2020-06-08,0.410604196312148
8,2020-06-09,0.407057101054039
8,2020-06-10,0.411080858405658
8,2020-06-11,0.40848368479931
8,2020-06-12,0.387349420774658
8,2020-06-13,0.413952672846782
8,2020-06-14,0.538915257719846
8,2020-06-15,0.412138151842749
8,2020-06-16,0.415251587604956
8,2020-06-17,0.385188999638413
8,2020-06-18,0.399861802194663
8,2020-06-19,0.361295092781207
8,2020-06-20,0.402018290368346
8,2020-06-21,0.490406862722586
8,2020-06-22,0.407117451419102
8,2020-06-23,0.398653814744771
8,2020-06-24,0.393744239409584
8,2020-06-25,0.393741924638186
8,2020-06-26,0.394899422848993
8,2020-06-27,0.486377834642634
8,2020-06-28,0.53432460266108
8,2020-06-29,0.422498958903022
8,2020-06-30,0.411642839050532
8,2020-07-01,0.411016769483427
8,2020-07-02,0.40566311921998
8,2020-07-03,0.392164963990877
8,2020-07-04,0.413203232948987
8,2020-07-05,0.497585947115103
8,2020-07-06,0.415512745505561
8,2020-07-07,0.394179888810082
8,2020-07-08,0.393086226079734
8,2020-07-09,0.402003875246789
8,2020-07-10,0.389093057604426
8,2020-07-11,0.410455578272829
8,2020-07-12,0.487549306508789
8,2020-07-13,0.412876061551684
8,2020-07-14,0.423659100539187
8,2020-07-15,0.40607301707258
8,2020-07-16,0.400359902289864
8,2020-07-17,0.357702079681826
8,2020-07-18,0.385244454999273
8,2020-07-19,0.481963404588804
8,2020-07-20,0.403225464217922
8,2020-07-21,0.395905195737932
8,2020-07-22,0.382282640585229
8,2020-07-23,0.390752123950843
8,2020-07-24,0.388227850551301
8,2020-07-25,0.404190776109672
8,2020-07-26,0.502852233205118
8,2020-07-27,0.40071805917916
8,2020-07-28,0.39833857358903
8,2020-07-29,0.399724290447008
8,2020-07-30,0.402976717023487
8,2020-07-31,0.384505516913428
8,2020-08-01,0.408261656349513
8,2020-08-02,0.479363829363522
8,2020-08-03,0.386858652802392
8,2020-08-04,0.380266116069225
8,2020-08-05,0.365942616263074
8,2020-08-06,0.373742969863738
8,2020-08-07,0.351963299250241
8,2020-08-08,0.383156796953702
8,2020-08-09,0.442775588086226
8,2020-08-10,0.380639959607116
9,2020-03-01,0.423999556427768
9,2020-03-02,0.270977694965444
9,2020-03-03,0.283971649563701
9,2020-03-04,0.285175213840244
9,2020-03-05,0.281592052477967
9,2020-03-06,0.258102323526153
9,2020-03-07,0.317703880278477
9,2020-03-08,0.420073923220426
9,2020-03-09,0.283852869385717
9,2020-03-10,0.283121658545318
9,2020-03-11,0.271669144014975
9,2020-03-12,0.28609560970089
9,2020-03-13,0.293153038510455
9,2020-03-14,0.361077771283768
9,2020-03-15,0.43513626386768
9,2020-03-16,0.332718041100253
9,2020-03-17,0.346039008107946
9,2020-03-18,0.374731196120926
9,2020-03-19,0.405120069280808
9,2020-03-20,0.435210888607582
9,2020-03-21,0.57365571591854
9,2020-03-22,0.670416643046159
9,2020-03-23,0.561233942439367
9,2020-03-24,0.591423540733182
9,2020-03-25,0.585124576923087
9,2020-03-26,0.581971238107028
9,2020-03-27,0.567419755227477
9,2020-03-28,0.601128191132846
9,2020-03-29,0.664850558157289
9,2020-03-30,0.555501689584541
9,2020-03-31,0.551482738711453
9,2020-04-01,0.522289371946495
9,2020-04-02,0.551729753282722
9,2020-04-03,0.545122189596124
9,2020-04-04,0.571986634019228
9,2020-04-05,0.63436392210524
9,2020-04-06,0.540020462024419
9,2020-04-07,0.532628705993432
9,2020-04-08,0.52788939543084
9,2020-04-09,0.507756042358041
9,2020-04-10,0.599725119302033
9,2020-04-11,0.553806057373794
9,2020-04-12,0.606449209959568
9,2020-04-13,0.526603529122264
9,2020-04-14,0.531058714987548
9,2020-04-15,0.519325959780958
9,2020-04-16,0.488914747002029
9,2020-04-17,0.500028500205629
9,2020-04-18,0.529100140448778
9,2020-04-19,0.606715420730231
9,2020-04-20,0.524081779674642
9,2020-04-21,0.579076641311331
9,2020-04-22,0.487470311129916
9,2020-04-23,0.49144375798487
9,2020-04-24,0.480426279112574
9,2020-04-25,0.515631238295407
9,2020-04-26,0.586359005996713
9,2020-04-27,0.494182803128911
9,2020-04-28,0.486066127159204
9,2020-04-29,0.479870063530551
9,2020-04-30,0.465070490152696
9,2020-05-01,0.554693467572064
9,2020-05-02,0.508412476036963
9,2020-05-03,0.567199979754542
9,2020-05-04,0.483927675195585
9,2020-05-05,0.479563723334352
9,2020-05-06,0.485161177321931
9,2020-05-07,0.498377926685344
9,2020-05-08,0.468371877723955
9,2020-05-09,0.485414481853881
9,2020-05-10,0.529858922637811
9,2020-05-11,0.499919397601535
9,2020-05-12,0.498223842116368
9,2020-05-13,0.488590456588491
9,2020-05-14,0.4884295699936
9,2020-05-15,0.477030490799281
9,2020-05-16,0.508842486982144
9,2020-05-17,0.573599123060444
9,2020-05-18,0.482488500837866
9,2020-05-19,0.466543440152191
9,2020-05-20,0.48213475659161
9,2020-05-21,0.48557165700676
9,2020-05-22,0.477860120371136
9,2020-05-23,0.513044443722087
9,2020-05-24,0.587592476157817
9,2020-05-25,0.523055395454567
9,2020-05-26,0.455673131160822
9,2020-05-27,0.459691344571021
9,2020-05-28,0.458113629390156
9,2020-05-29,0.443995513465703
9,2020-05-30,0.466469544579881
9,2020-05-31,0.546818441900342
9,2020-06-01,0.459427551273656
9,2020-06-02,0.471789830879812
9,2020-06-03,0.44515423244054
9,2020-06-04,0.444619331759153
9,2020-06-05,0.445769375493737
9,2020-06-06,0.455292677593723
9,2020-06-07,0.523708763699974
9,2020-06-08,0.434625319522952
9,2020-06-09,0.426769192598075
9,2020-06-10,0.434411827054306
9,2020-06-11,0.428052649114724
9,2020-06-12,0.406502449926166
9,2020-06-13,0.433042103662325
9,2020-06-14,0.554403448516466
9,2020-06-15,0.435750930090079
9,2020-06-16,0.434840257412071
9,2020-06-17,0.403403945759592
9,2020-06-18,0.418653893365503
9,2020-06-19,0.382977166776419
9,2020-06-20,0.415552193197517
9,2020-06-21,0.509789994618037
9,2020-06-22,0.428741549742622
9,2020-06-23,0.419295115983609
9,2020-06-24,0.413971320208476
9,2020-06-25,0.412746634563836
9,2020-06-26,0.409068317408795
9,2020-06-27,0.498060958436729
9,2020-06-28,0.547568894320403
9,2020-06-29,0.441314263023488
9,2020-06-30,0.419681060252892
9,2020-07-01,0.429704196731783
9,2020-07-02,0.420623135648824
9,2020-07-03,0.407428638568487
9,2020-07-04,0.435493003809994
9,2020-07-05,0.50816455110056
9,2020-07-06,0.431358152153276
9,2020-07-07,0.421436929852931
9,2020-07-08,0.41060066110871
9,2020-07-09,0.422902033513867
9,2020-07-10,0.399621400150946
9,2020-07-11,0.423672210922488
9,2020-07-12,0.503542906702441
9,2020-07-13,0.426005459073356
9,2020-07-14,0.440908802198989
9,2020-07-15,0.424352684353557
9,2020-07-16,0.41869120619547
9,2020-07-17,0.373586249198622
9,2020-07-18,0.405568257643435
9,2020-07-19,0.496111127379908
9,2020-07-20,0.41576597443426
9,2020-07-21,0.41630923915607
9,2020-07-22,0.402191474627456
9,2020-07-23,0.401205026775975
9,2020-07-24,0.394598056606642
9,2020-07-25,0.416251943785766
9,2020-07-26,0.51133803003035
9,2020-07-27,0.416703545962517
9,2020-07-28,0.412204280487389
9,2020-07-29,0.415376963158335
9,2020-07-30,0.421953762972796
9,2020-07-31,0.395316768959978
9,2020-08-01,0.41925148991936
9,2020-08-02,0.49393096721791
9,2020-08-03,0.409092175609782
9,2020-08-04,0.397853261741606
9,2020-08-05,0.382734747347813
9,2020-08-06,0.394365183571525
9,2020-08-07,0.366628499931391
9,2020-08-08,0.395885650190658
9,2020-08-09,0.458727214777165
9,2020-08-10,0.395451234771533
10,2020-03-01,0.420989608023741
10,2020-03-02,0.274737839558701
10,2020-03-03,0.290565375982875
10,2020-03-04,0.296100034770189
10,2020-03-05,0.292264877058367
10,2020-03-06,0.264570562076904
10,2020-03-07,0.324168706856973
10,2020-03-08,0.418340600674087
10,2020-03-09,0.290575043860613
10,2020-03-10,0.292540353559692
10,2020-03-11,0.279791341591007
10,2020-03-12,0.295713137383796
10,2020-03-13,0.299835846645575
10,2020-03-14,0.371857938893072
10,2020-03-15,0.441107140818349
10,2020-03-16,0.349708316005052
10,2020-03-17,0.370856147998193
10,2020-03-18,0.405942345388547
10,2020-03-19,0.443231244756751
10,2020-03-20,0.470313720227877
10,2020-03-21,0.612076697638609
10,2020-03-22,0.689423580506434
10,2020-03-23,0.601601637865586
10,2020-03-24,0.626054970517513
10,2020-03-25,0.618572121156257
10,2020-03-26,0.617157580637857
10,2020-03-27,0.60246766462315
10,2020-03-28,0.62690546728864
10,2020-03-29,0.68146237950003
10,2020-03-30,0.584948092529829
10,2020-03-31,0.584641260960029
10,2020-04-01,0.558016201920996
10,2020-04-02,0.586157283643834
10,2020-04-03,0.577813664875214
10,2020-04-04,0.599326742312272
10,2020-04-05,0.653637087501509
10,2020-04-06,0.579642594157656
10,2020-04-07,0.574723579540973
10,2020-04-08,0.565522752624713
10,2020-04-09,0.54793792175246
10,2020-04-10,0.623311230654158
10,2020-04-11,0.582553328785307
10,2020-04-12,0.63087784985213
10,2020-04-13,0.570730903068369
10,2020-04-14,0.566975182095775
10,2020-04-15,0.552302724891217
10,2020-04-16,0.524947796444408
10,2020-04-17,0.532655374803833
10,2020-04-18,0.552304146969373
10,2020-04-19,0.622656513274282
10,2020-04-20,0.550895158347674
10,2020-04-21,0.595514032400545
10,2020-04-22,0.52892400970305
10,2020-04-23,0.534912522387746
10,2020-04-24,0.515055345398183
10,2020-04-25,0.541581751771652
10,2020-04-26,0.603955359144747
10,2020-04-27,0.531354407852404
10,2020-04-28,0.524755064341271
10,2020-04-29,0.517641917290775
10,2020-04-30,0.500220937985983
10,2020-05-01,0.576658775542464
10,2020-05-02,0.53681961488145
10,2020-05-03,0.573012077192159
10,2020-05-04,0.529655447480108
10,2020-05-05,0.515905353173385
10,2020-05-06,0.520518809063664
10,2020-05-07,0.532098374847108
10,2020-05-08,0.505097862225008
10,2020-05-09,0.511305106708364
10,2020-05-10,0.551124833501657
10,2020-05-11,0.544713637801792
10,2020-05-12,0.53277637713652
10,2020-05-13,0.528562388799617
10,2020-05-14,0.537317626517588
10,2020-05-15,0.525382737715365
10,2020-05-16,0.535435754859664
10,2020-05-17,0.590655409186521
10,2020-05-18,0.5242286178237
10,2020-05-19,0.49932597567046
10,2020-05-20,0.518889155916152
10,2020-05-21,0.519382282550385
10,2020-05-22,0.509182474658988
10,2020-05-23,0.552474722073584
10,2020-05-24,0.612470478526138
10,2020-05-25,0.556180111778958
10,2020-05-26,0.494925365185832
10,2020-05-27,0.492819899109867
10,2020-05-28,0.499680147512339
10,2020-05-29,0.473900622977574
10,2020-05-30,0.498969659767803
10,2020-05-31,0.561485407231239
10,2020-06-01,0.49987830812019
10,2020-06-02,0.50563043508231
10,2020-06-03,0.492568234090387
10,2020-06-04,0.489379439890499
10,2020-06-05,0.484126957824317
10,2020-06-06,0.48658581703537
10,2020-06-07,0.545724652588779
10,2020-06-08,0.473284445422412
10,2020-06-09,0.467821667190698
10,2020-06-10,0.46947816942324
10,2020-06-11,0.459036505846954
10,2020-06-12,0.441116049289208
10,2020-06-13,0.457554998202204
10,2020-06-14,0.568504597082483
10,2020-06-15,0.471451962670418
10,2020-06-16,0.471985950519895
10,2020-06-17,0.441886455209655
10,2020-06-18,0.453538525809906
10,2020-06-19,0.414348121401466
10,2020-06-20,0.447788663154617
10,2020-06-21,0.526923334010241
10,2020-06-22,0.462802559658806
10,2020-06-23,0.457182376122871
10,2020-06-24,0.451596956879985
10,2020-06-25,0.449404368602467
10,2020-06-26,0.442948116889413
10,2020-06-27,0.52570206192761
10,2020-06-28,0.566561294566474
10,2020-06-29,0.478240534596694
10,2020-06-30,0.463471245911546
10,2020-07-01,0.465938374197601
10,2020-07-02,0.463895983742213
10,2020-07-03,0.446443151154098
10,2020-07-04,0.457443838488145
10,2020-07-05,0.532887034756351
10,2020-07-06,0.466699849197586
10,2020-07-07,0.456139830944973
10,2020-07-08,0.449780012907468
10,2020-07-09,0.454134051553465
10,2020-07-10,0.437628506534871
10,2020-07-11,0.455601316182545
10,2020-07-12,0.517041080107544
10,2020-07-13,0.457806424444528
10,2020-07-14,0.477194185349255
10,2020-07-15,0.457060480279547
10,2020-07-16,0.447661672209981
10,2020-07-17,0.402238590573906
10,2020-07-18,0.427386578206149
10,2020-07-19,0.512987862786399
10,2020-07-20,0.45571855205992
10,2020-07-21,0.443420481317277
10,2020-07-22,0.435331847329099
10,2020-07-23,0.434076593459128
10,2020-07-24,0.429225841288177
10,2020-07-25,0.445741648972508
10,2020-07-26,0.519166277607449
10,2020-07-27,0.445955225567207
10,2020-07-28,0.433018359462072
10,2020-07-29,0.449584077294187
10,2020-07-30,0.447402115379308
10,2020-07-31,0.430527597045102
10,2020-08-01,0.443055002489616
10,2020-08-02,0.510448928186983
10,2020-08-03,0.437314561073775
10,2020-08-04,0.438832718601684
10,2020-08-05,0.417519943377565
10,2020-08-06,0.4292946228023
10,2020-08-07,0.400627086530037
10,2020-08-08,0.430256266141278
10,2020-08-09,0.483109328726578
10,2020-08-10,0.440434453231093
,2020-03-01,0.426528840128582
,2020-03-02,0.260885685933261
,2020-03-03,0.280411672360965
,2020-03-04,0.288983398996426
,2020-03-05,0.283029576556054
,2020-03-06,0.267769537141472
,2020-03-07,0.314561045213552
,2020-03-08,0.419296243277527
,2020-03-09,0.283063899424587
,2020-03-10,0.285494155112913
,2020-03-11,0.279841990050855
,2020-03-12,0.276642746377767
,2020-03-13,0.289631637049998
,2020-03-14,0.351446186323227
,2020-03-15,0.41754819466358
,2020-03-16,0.326829144512023
,2020-03-17,0.34024648809123
,2020-03-18,0.349224837499817
,2020-03-19,0.385308371046499
,2020-03-20,0.387171439068467
,2020-03-21,0.510746224012659
,2020-03-22,0.607122384578436
,2020-03-23,0.501601843334229
,2020-03-24,0.540155878458979
,2020-03-25,0.540549851171588
,2020-03-26,0.529113363154402
,2020-03-27,0.517129840645847
,2020-03-28,0.549556275345227
,2020-03-29,0.630861102899849
,2020-03-30,0.507348326495815
,2020-03-31,0.504437965050433
,2020-04-01,0.458882515688952
,2020-04-02,0.489408618299093
,2020-04-03,0.499250587247225
,2020-04-04,0.523500048971009
,2020-04-05,0.594515763218655
,2020-04-06,0.476047325977483
,2020-04-07,0.478876265574496
,2020-04-08,0.470335362326245
,2020-04-09,0.449157755534665
,2020-04-10,0.545086634357012
,2020-04-11,0.501171364449516
,2020-04-12,0.572538393311628
,2020-04-13,0.468345575206632
,2020-04-14,0.476921637024299
,2020-04-15,0.475602820128035
,2020-04-16,0.446334328413173
,2020-04-17,0.446339539176355
,2020-04-18,0.476170757538158
,2020-04-19,0.568620562275447
,2020-04-20,0.470423209662239
,2020-04-21,0.52428152231985
,2020-04-22,0.421878295644858
,2020-04-23,0.451336563442255
,2020-04-24,0.410370181016904
,2020-04-25,0.479869397700412
,2020-04-26,0.544431417316186
,2020-04-27,0.434987085834755
,2020-04-28,0.429232222971289
,2020-04-29,0.434537790902361
,2020-04-30,0.418218573573532
,2020-05-01,0.500367161555961
,2020-05-02,0.4649498735306
,2020-05-03,0.513572441888065
,2020-05-04,0.444426640258413
,2020-05-05,0.441214685577066
,2020-05-06,0.448097824247781
,2020-05-07,0.458016296424146
,2020-05-08,0.439061436468539
,2020-05-09,0.435692662689956
,2020-05-10,0.474091541430043
,2020-05-11,0.467554082529477
,2020-05-12,0.467741749413559
,2020-05-13,0.431313171495757
,2020-05-14,0.438638693998241
,2020-05-15,0.444330795572
,2020-05-16,0.45642816554967
,2020-05-17,0.535628966522338
,2020-05-18,0.442795575749469
,2020-05-19,0.435686013354918
,2020-05-20,0.444689500470642
,2020-05-21,0.449578991510358
,2020-05-22,0.42860788398567
,2020-05-23,0.475945292117124
,2020-05-24,0.539129301242511
,2020-05-25,0.484602416873032
,2020-05-26,0.417354578806627
,2020-05-27,0.419163695790722
,2020-05-28,0.426431840871611
,2020-05-29,0.396083339055202
,2020-05-30,0.425866962590164
,2020-05-31,0.505777915642025
,2020-06-01,0.416831254680237
,2020-06-02,0.428872563288384
,2020-06-03,0.402284284371412
,2020-06-04,0.401143503684276
,2020-06-05,0.399233794037626
,2020-06-06,0.422962092911436
,2020-06-07,0.461265829532398
,2020-06-08,0.360632419912556
,2020-06-09,0.381928045360494
,2020-06-10,0.389225079742313
,2020-06-11,0.381865544994128
,2020-06-12,0.368478089555067
,2020-06-13,0.389415346972747
,2020-06-14,0.513207178659725
,2020-06-15,0.403975901510703
,2020-06-16,0.395207705501144
,2020-06-17,0.373537457281515
,2020-06-18,0.388559057538576
,2020-06-19,0.345845265717983
,2020-06-20,0.377533799577217
,2020-06-21,0.469288306832017
,2020-06-22,0.38743726522781
,2020-06-23,0.380300257874071
,2020-06-24,0.370845709922981
,2020-06-25,0.364935862482493
,2020-06-26,0.388880594920256
,2020-06-27,0.471064580757061
,2020-06-28,0.508512533298162
,2020-06-29,0.390452526736689
,2020-06-30,0.381311328575157
,2020-07-01,0.370637900977793
,2020-07-02,0.374067775541338
,2020-07-03,0.372903364911217
,2020-07-04,0.413680386303709
,2020-07-05,0.47640233696407
,2020-07-06,0.389898139731532
,2020-07-07,0.366426725382637
,2020-07-08,0.375347525164602
,2020-07-09,0.38584718701365
,2020-07-10,0.362665254225994
,2020-07-11,0.403124225283259
,2020-07-12,0.484706685588766
,2020-07-13,0.401675949999545
,2020-07-14,0.41554222263864
,2020-07-15,0.395526092541393
,2020-07-16,0.411893832054673
,2020-07-17,0.346547172047146
,2020-07-18,0.374471282921302
,2020-07-19,0.472598272772102
,2020-07-20,0.372733492992335
,2020-07-21,0.388337264432414
,2020-07-22,0.379594977510479
,2020-07-23,0.37419408936012
,2020-07-24,0.384961062532308
,2020-07-25,0.401876417902956
,2020-07-26,0.478383250803666
,2020-07-27,0.380250534398661
,2020-07-28,0.37185132017167
,2020-07-29,0.383671400029447
,2020-07-30,0.406099073349255
,2020-07-31,0.353473888106173
,2020-08-01,0.39183693041537
,2020-08-02,0.476134076982989
,2020-08-03,0.384234481205499
,2020-08-04,0.358846686127118
,2020-08-05,0.356465925038778
,2020-08-06,0.360605636205793
,2020-08-07,0.335093130689564
,2020-08-08,0.362374894316342
,2020-08-09,0.431459904655601
,2020-08-10,0.355926404640149
